"COU","Country","VAR","Variable","CO2","Country of origin","YEA","Year","Value","Flag Codes","Flags"
"AUT","Austria","TNBD","Total number of doctors","TOT","Total","2014","2014",36772,,
"AUT","Austria","TNBD","Total number of doctors","TOT","Total","2015","2015",37685,,
"AUT","Austria","TNBD","Total number of doctors","TOT","Total","2016","2016",37651,,
"AUT","Austria","TNBD","Total number of doctors","TOT","Total","2017","2017",37963,,
"AUT","Austria","TNBD","Total number of doctors","TOT","Total","2018","2018",38252,,
"AUT","Austria","TNBD","Total number of doctors","TOT","Total","2019","2019",39207,,
"AUT","Austria","TNBD","Total number of doctors","TOT","Total","2020","2020",39694,,
"AUT","Austria","TNBD","Total number of doctors","TOT","Total","2021","2021",40471,,
"AUT","Austria","DTRD","Domestically-trained doctors","TOT","Total","2014","2014",34910,,
"AUT","Austria","DTRD","Domestically-trained doctors","TOT","Total","2015","2015",35747,,
"AUT","Austria","DTRD","Domestically-trained doctors","TOT","Total","2016","2016",35593,,
"AUT","Austria","DTRD","Domestically-trained doctors","TOT","Total","2017","2017",35774,,
"AUT","Austria","DTRD","Domestically-trained doctors","TOT","Total","2018","2018",35970,,
"AUT","Austria","DTRD","Domestically-trained doctors","TOT","Total","2019","2019",36710,,
"AUT","Austria","DTRD","Domestically-trained doctors","TOT","Total","2020","2020",37099,,
"AUT","Austria","DTRD","Domestically-trained doctors","TOT","Total","2021","2021",37709,,
"AUT","Austria","FTDS","Foreign-trained doctors - Stock","TOT","Total","2014","2014",1862,,
"AUT","Austria","FTDS","Foreign-trained doctors - Stock","TOT","Total","2015","2015",1938,,
"AUT","Austria","FTDS","Foreign-trained doctors - Stock","TOT","Total","2016","2016",2058,,
"AUT","Austria","FTDS","Foreign-trained doctors - Stock","TOT","Total","2017","2017",2189,,
"AUT","Austria","FTDS","Foreign-trained doctors - Stock","TOT","Total","2018","2018",2282,,
"AUT","Austria","FTDS","Foreign-trained doctors - Stock","TOT","Total","2019","2019",2497,,
"AUT","Austria","FTDS","Foreign-trained doctors - Stock","TOT","Total","2020","2020",2595,,
"AUT","Austria","FTDS","Foreign-trained doctors - Stock","TOT","Total","2021","2021",2762,,
"AUT","Austria","SFTD","% of foreign-trained doctors","TOT","Total","2014","2014",5.06,,
"AUT","Austria","SFTD","% of foreign-trained doctors","TOT","Total","2015","2015",5.14,,
"AUT","Austria","SFTD","% of foreign-trained doctors","TOT","Total","2016","2016",5.47,,
"AUT","Austria","SFTD","% of foreign-trained doctors","TOT","Total","2017","2017",5.77,,
"AUT","Austria","SFTD","% of foreign-trained doctors","TOT","Total","2018","2018",5.97,,
"AUT","Austria","SFTD","% of foreign-trained doctors","TOT","Total","2019","2019",6.37,,
"AUT","Austria","SFTD","% of foreign-trained doctors","TOT","Total","2020","2020",6.54,,
"AUT","Austria","SFTD","% of foreign-trained doctors","TOT","Total","2021","2021",6.82,,
"AUT","Austria","IFTD","Foreign-trained doctors - Annual inflow","TOT","Total","2014","2014",263,,
"AUT","Austria","IFTD","Foreign-trained doctors - Annual inflow","TOT","Total","2015","2015",242,,
"AUT","Austria","IFTD","Foreign-trained doctors - Annual inflow","TOT","Total","2016","2016",225,,
"AUT","Austria","IFTD","Foreign-trained doctors - Annual inflow","TOT","Total","2017","2017",238,,
"AUT","Austria","IFTD","Foreign-trained doctors - Annual inflow","TOT","Total","2018","2018",209,,
"AUT","Austria","IFTD","Foreign-trained doctors - Annual inflow","TOT","Total","2019","2019",257,,
"AUT","Austria","IFTD","Foreign-trained doctors - Annual inflow","TOT","Total","2020","2020",224,,
"AUT","Austria","IFTD","Foreign-trained doctors - Annual inflow","TOT","Total","2021","2021",207,,
"AUT","Austria","IFTN","Foreign-trained nurses - Annual inflow","TOT","Total","2014","2014",992,,
"AUT","Austria","IFTN","Foreign-trained nurses - Annual inflow","TOT","Total","2015","2015",983,,
"AUT","Austria","IFTN","Foreign-trained nurses - Annual inflow","TOT","Total","2016","2016",839,,
"AUT","Austria","IFTN","Foreign-trained nurses - Annual inflow","TOT","Total","2017","2017",655,,
"AUT","Austria","IFTN","Foreign-trained nurses - Annual inflow","TOT","Total","2018","2018",624,,
"AUT","Austria","IFTN","Foreign-trained nurses - Annual inflow","TOT","Total","2019","2019",661,,
"AUT","Austria","IFTN","Foreign-trained nurses - Annual inflow","TOT","Total","2020","2020",615,,
"AUT","Austria","IFTN","Foreign-trained nurses - Annual inflow","TOT","Total","2021","2021",616,,
"FIN","Finland","TNBD","Total number of doctors","TOT","Total","2014","2014",22456,,
"FIN","Finland","TNBD","Total number of doctors","TOT","Total","2015","2015",22791,,
"FIN","Finland","TNBD","Total number of doctors","TOT","Total","2016","2016",23118,,
"FIN","Finland","TNBD","Total number of doctors","TOT","Total","2017","2017",23347,,
"FIN","Finland","TNBD","Total number of doctors","TOT","Total","2018","2018",23489,,
"FIN","Finland","TNBD","Total number of doctors","TOT","Total","2019","2019",23738,,
"FIN","Finland","TNBD","Total number of doctors","TOT","Total","2020","2020",23935,,
"FIN","Finland","TNBD","Total number of doctors","TOT","Total","2021","2021",24252,,
"FIN","Finland","DTRD","Domestically-trained doctors","TOT","Total","2014","2014",18559,,
"FIN","Finland","DTRD","Domestically-trained doctors","TOT","Total","2015","2015",18758,,
"FIN","Finland","DTRD","Domestically-trained doctors","TOT","Total","2016","2016",18983,,
"FIN","Finland","DTRD","Domestically-trained doctors","TOT","Total","2017","2017",19085,,
"FIN","Finland","DTRD","Domestically-trained doctors","TOT","Total","2018","2018",19146,,
"FIN","Finland","DTRD","Domestically-trained doctors","TOT","Total","2019","2019",19264,,
"FIN","Finland","DTRD","Domestically-trained doctors","TOT","Total","2020","2020",19329,,
"FIN","Finland","DTRD","Domestically-trained doctors","TOT","Total","2021","2021",19503,,
"FIN","Finland","FTDS","Foreign-trained doctors - Stock","TOT","Total","2014","2014",3791,,
"FIN","Finland","FTDS","Foreign-trained doctors - Stock","TOT","Total","2015","2015",3937,,
"FIN","Finland","FTDS","Foreign-trained doctors - Stock","TOT","Total","2016","2016",4054,,
"FIN","Finland","FTDS","Foreign-trained doctors - Stock","TOT","Total","2017","2017",4192,,
"FIN","Finland","FTDS","Foreign-trained doctors - Stock","TOT","Total","2018","2018",4291,,
"FIN","Finland","FTDS","Foreign-trained doctors - Stock","TOT","Total","2019","2019",4437,,
"FIN","Finland","FTDS","Foreign-trained doctors - Stock","TOT","Total","2020","2020",4576,,
"FIN","Finland","FTDS","Foreign-trained doctors - Stock","TOT","Total","2021","2021",4728,,
"FIN","Finland","SFTD","% of foreign-trained doctors","TOT","Total","2014","2014",16.88,,
"FIN","Finland","SFTD","% of foreign-trained doctors","TOT","Total","2015","2015",17.27,,
"FIN","Finland","SFTD","% of foreign-trained doctors","TOT","Total","2016","2016",17.54,,
"FIN","Finland","SFTD","% of foreign-trained doctors","TOT","Total","2017","2017",17.96,,
"FIN","Finland","SFTD","% of foreign-trained doctors","TOT","Total","2018","2018",18.27,,
"FIN","Finland","SFTD","% of foreign-trained doctors","TOT","Total","2019","2019",18.69,,
"FIN","Finland","SFTD","% of foreign-trained doctors","TOT","Total","2020","2020",19.12,,
"FIN","Finland","SFTD","% of foreign-trained doctors","TOT","Total","2021","2021",19.5,,
"FIN","Finland","IFTD","Foreign-trained doctors - Annual inflow","TOT","Total","2014","2014",225,,
"FIN","Finland","IFTD","Foreign-trained doctors - Annual inflow","TOT","Total","2015","2015",213,,
"FIN","Finland","IFTD","Foreign-trained doctors - Annual inflow","TOT","Total","2016","2016",198,,
"FIN","Finland","IFTD","Foreign-trained doctors - Annual inflow","TOT","Total","2017","2017",203,,
"FIN","Finland","IFTD","Foreign-trained doctors - Annual inflow","TOT","Total","2018","2018",194,,
"FIN","Finland","IFTD","Foreign-trained doctors - Annual inflow","TOT","Total","2019","2019",231,,
"FIN","Finland","IFTD","Foreign-trained doctors - Annual inflow","TOT","Total","2020","2020",236,,
"FIN","Finland","IFTD","Foreign-trained doctors - Annual inflow","TOT","Total","2021","2021",266,,
"FIN","Finland","TNBN","Total number of nurses","TOT","Total","2014","2014",103507,,
"FIN","Finland","TNBN","Total number of nurses","TOT","Total","2015","2015",105839,,
"FIN","Finland","TNBN","Total number of nurses","TOT","Total","2016","2016",107629,,
"FIN","Finland","TNBN","Total number of nurses","TOT","Total","2017","2017",109838,,
"FIN","Finland","TNBN","Total number of nurses","TOT","Total","2018","2018",111994,,
"FIN","Finland","TNBN","Total number of nurses","TOT","Total","2019","2019",114613,,
"FIN","Finland","TNBN","Total number of nurses","TOT","Total","2020","2020",116562,,
"FIN","Finland","TNBN","Total number of nurses","TOT","Total","2021","2021",118010,,
"FIN","Finland","DTRN","Domestically-trained nurses","TOT","Total","2014","2014",102042,,
"FIN","Finland","DTRN","Domestically-trained nurses","TOT","Total","2015","2015",104333,,
"FIN","Finland","DTRN","Domestically-trained nurses","TOT","Total","2016","2016",106103,,
"FIN","Finland","DTRN","Domestically-trained nurses","TOT","Total","2017","2017",108288,,
"FIN","Finland","DTRN","Domestically-trained nurses","TOT","Total","2018","2018",110424,,
"FIN","Finland","DTRN","Domestically-trained nurses","TOT","Total","2019","2019",113015,,
"FIN","Finland","DTRN","Domestically-trained nurses","TOT","Total","2020","2020",114928,,
"FIN","Finland","DTRN","Domestically-trained nurses","TOT","Total","2021","2021",116353,,
"FIN","Finland","FTNS","Foreign-trained nurses - Stock","TOT","Total","2014","2014",1423,,
"FIN","Finland","FTNS","Foreign-trained nurses - Stock","TOT","Total","2015","2015",1465,,
"FIN","Finland","FTNS","Foreign-trained nurses - Stock","TOT","Total","2016","2016",1485,,
"FIN","Finland","FTNS","Foreign-trained nurses - Stock","TOT","Total","2017","2017",1510,,
"FIN","Finland","FTNS","Foreign-trained nurses - Stock","TOT","Total","2018","2018",1531,,
"FIN","Finland","FTNS","Foreign-trained nurses - Stock","TOT","Total","2019","2019",1560,,
"FIN","Finland","FTNS","Foreign-trained nurses - Stock","TOT","Total","2020","2020",1597,,
"FIN","Finland","FTNS","Foreign-trained nurses - Stock","TOT","Total","2021","2021",1621,,
"FIN","Finland","SFTN","% of foreign-trained nurses","TOT","Total","2014","2014",1.37,,
"FIN","Finland","SFTN","% of foreign-trained nurses","TOT","Total","2015","2015",1.38,,
"FIN","Finland","SFTN","% of foreign-trained nurses","TOT","Total","2016","2016",1.38,,
"FIN","Finland","SFTN","% of foreign-trained nurses","TOT","Total","2017","2017",1.37,,
"FIN","Finland","SFTN","% of foreign-trained nurses","TOT","Total","2018","2018",1.37,,
"FIN","Finland","SFTN","% of foreign-trained nurses","TOT","Total","2019","2019",1.36,,
"FIN","Finland","SFTN","% of foreign-trained nurses","TOT","Total","2020","2020",1.37,,
"FIN","Finland","SFTN","% of foreign-trained nurses","TOT","Total","2021","2021",1.37,,
"FIN","Finland","IFTN","Foreign-trained nurses - Annual inflow","TOT","Total","2014","2014",125,,
"FIN","Finland","IFTN","Foreign-trained nurses - Annual inflow","TOT","Total","2015","2015",58,,
"FIN","Finland","IFTN","Foreign-trained nurses - Annual inflow","TOT","Total","2016","2016",39,,
"FIN","Finland","IFTN","Foreign-trained nurses - Annual inflow","TOT","Total","2017","2017",39,,
"FIN","Finland","IFTN","Foreign-trained nurses - Annual inflow","TOT","Total","2018","2018",33,,
"FIN","Finland","IFTN","Foreign-trained nurses - Annual inflow","TOT","Total","2019","2019",49,,
"FIN","Finland","IFTN","Foreign-trained nurses - Annual inflow","TOT","Total","2020","2020",60,,
"FIN","Finland","IFTN","Foreign-trained nurses - Annual inflow","TOT","Total","2021","2021",49,,
"FRA","France","TNBD","Total number of doctors","TOT","Total","2014","2014",205018,,
"FRA","France","TNBD","Total number of doctors","TOT","Total","2015","2015",206688,,
"FRA","France","TNBD","Total number of doctors","TOT","Total","2016","2016",208245,,
"FRA","France","TNBD","Total number of doctors","TOT","Total","2017","2017",210017,,
"FRA","France","TNBD","Total number of doctors","TOT","Total","2018","2018",210549,,
"FRA","France","TNBD","Total number of doctors","TOT","Total","2019","2019",213180,,
"FRA","France","TNBD","Total number of doctors","TOT","Total","2020","2020",214293,,
"FRA","France","TNBD","Total number of doctors","TOT","Total","2021","2021",215722,,
"FRA","France","DTRD","Domestically-trained doctors","TOT","Total","2014","2014",184141,,
"FRA","France","DTRD","Domestically-trained doctors","TOT","Total","2015","2015",184536,,
"FRA","France","DTRD","Domestically-trained doctors","TOT","Total","2016","2016",184966,,
"FRA","France","DTRD","Domestically-trained doctors","TOT","Total","2017","2017",185854,,
"FRA","France","DTRD","Domestically-trained doctors","TOT","Total","2018","2018",185777,,
"FRA","France","DTRD","Domestically-trained doctors","TOT","Total","2019","2019",187748,,
"FRA","France","DTRD","Domestically-trained doctors","TOT","Total","2020","2020",188226,,
"FRA","France","DTRD","Domestically-trained doctors","TOT","Total","2021","2021",188888,,
"FRA","France","FTDS","Foreign-trained doctors - Stock","TOT","Total","2014","2014",20591,,
"FRA","France","FTDS","Foreign-trained doctors - Stock","TOT","Total","2015","2015",21871,,
"FRA","France","FTDS","Foreign-trained doctors - Stock","TOT","Total","2016","2016",23000,,
"FRA","France","FTDS","Foreign-trained doctors - Stock","TOT","Total","2017","2017",23889,,
"FRA","France","FTDS","Foreign-trained doctors - Stock","TOT","Total","2018","2018",24508,,
"FRA","France","FTDS","Foreign-trained doctors - Stock","TOT","Total","2019","2019",25176,,
"FRA","France","FTDS","Foreign-trained doctors - Stock","TOT","Total","2020","2020",25819,,
"FRA","France","FTDS","Foreign-trained doctors - Stock","TOT","Total","2021","2021",26593,,
"FRA","France","UUUD","Unknown place of training (doctors)","TOT","Total","2014","2014",286,,
"FRA","France","UUUD","Unknown place of training (doctors)","TOT","Total","2015","2015",281,,
"FRA","France","UUUD","Unknown place of training (doctors)","TOT","Total","2016","2016",279,,
"FRA","France","UUUD","Unknown place of training (doctors)","TOT","Total","2017","2017",274,,
"FRA","France","UUUD","Unknown place of training (doctors)","TOT","Total","2018","2018",264,,
"FRA","France","UUUD","Unknown place of training (doctors)","TOT","Total","2019","2019",256,,
"FRA","France","UUUD","Unknown place of training (doctors)","TOT","Total","2020","2020",248,,
"FRA","France","UUUD","Unknown place of training (doctors)","TOT","Total","2021","2021",241,,
"FRA","France","SFTD","% of foreign-trained doctors","TOT","Total","2014","2014",10.044,,
"FRA","France","SFTD","% of foreign-trained doctors","TOT","Total","2015","2015",10.582,,
"FRA","France","SFTD","% of foreign-trained doctors","TOT","Total","2016","2016",11.045,,
"FRA","France","SFTD","% of foreign-trained doctors","TOT","Total","2017","2017",11.375,,
"FRA","France","SFTD","% of foreign-trained doctors","TOT","Total","2018","2018",11.64,,
"FRA","France","SFTD","% of foreign-trained doctors","TOT","Total","2019","2019",11.81,,
"FRA","France","SFTD","% of foreign-trained doctors","TOT","Total","2020","2020",12.048,,
"FRA","France","SFTD","% of foreign-trained doctors","TOT","Total","2021","2021",12.327,,
"FRA","France","IFTD","Foreign-trained doctors - Annual inflow","TOT","Total","2014","2014",1615,,
"FRA","France","IFTD","Foreign-trained doctors - Annual inflow","TOT","Total","2015","2015",1568,,
"FRA","France","IFTD","Foreign-trained doctors - Annual inflow","TOT","Total","2016","2016",1387,,
"FRA","France","IFTD","Foreign-trained doctors - Annual inflow","TOT","Total","2017","2017",1253,,
"FRA","France","IFTD","Foreign-trained doctors - Annual inflow","TOT","Total","2018","2018",1110,,
"FRA","France","IFTD","Foreign-trained doctors - Annual inflow","TOT","Total","2019","2019",925,,
"FRA","France","IFTD","Foreign-trained doctors - Annual inflow","TOT","Total","2020","2020",1054,,
"FRA","France","IFTD","Foreign-trained doctors - Annual inflow","TOT","Total","2021","2021",1251,,
"FRA","France","TNBN","Total number of nurses","TOT","Total","2014","2014",586415,,
"FRA","France","TNBN","Total number of nurses","TOT","Total","2015","2015",598687,,
"FRA","France","TNBN","Total number of nurses","TOT","Total","2016","2016",608388,,
"FRA","France","TNBN","Total number of nurses","TOT","Total","2017","2017",615515,,
"FRA","France","TNBN","Total number of nurses","TOT","Total","2018","2018",623598,,
"FRA","France","TNBN","Total number of nurses","TOT","Total","2019","2019",631140,,
"FRA","France","TNBN","Total number of nurses","TOT","Total","2020","2020",637644,,
"FRA","France","TNBN","Total number of nurses","TOT","Total","2021","2021",654064,,
"FRA","France","DTRN","Domestically-trained nurses","TOT","Total","2014","2014",569599,,
"FRA","France","DTRN","Domestically-trained nurses","TOT","Total","2015","2015",581156,,
"FRA","France","DTRN","Domestically-trained nurses","TOT","Total","2016","2016",590289,,
"FRA","France","DTRN","Domestically-trained nurses","TOT","Total","2017","2017",596999,,
"FRA","France","DTRN","Domestically-trained nurses","TOT","Total","2018","2018",604597,,
"FRA","France","DTRN","Domestically-trained nurses","TOT","Total","2019","2019",611862,,
"FRA","France","DTRN","Domestically-trained nurses","TOT","Total","2020","2020",618153,,
"FRA","France","DTRN","Domestically-trained nurses","TOT","Total","2021","2021",633982,,
"FRA","France","FTNS","Foreign-trained nurses - Stock","TOT","Total","2014","2014",16402,,
"FRA","France","FTNS","Foreign-trained nurses - Stock","TOT","Total","2015","2015",17146,,
"FRA","France","FTNS","Foreign-trained nurses - Stock","TOT","Total","2016","2016",17743,,
"FRA","France","FTNS","Foreign-trained nurses - Stock","TOT","Total","2017","2017",18194,,
"FRA","France","FTNS","Foreign-trained nurses - Stock","TOT","Total","2018","2018",18709,,
"FRA","France","FTNS","Foreign-trained nurses - Stock","TOT","Total","2019","2019",19030,,
"FRA","France","FTNS","Foreign-trained nurses - Stock","TOT","Total","2020","2020",19285,,
"FRA","France","FTNS","Foreign-trained nurses - Stock","TOT","Total","2021","2021",19876,,
"FRA","France","UUUN","Unknown place of training (nurses)","TOT","Total","2014","2014",414,,
"FRA","France","UUUN","Unknown place of training (nurses)","TOT","Total","2015","2015",385,,
"FRA","France","UUUN","Unknown place of training (nurses)","TOT","Total","2016","2016",356,,
"FRA","France","UUUN","Unknown place of training (nurses)","TOT","Total","2017","2017",322,,
"FRA","France","UUUN","Unknown place of training (nurses)","TOT","Total","2018","2018",292,,
"FRA","France","UUUN","Unknown place of training (nurses)","TOT","Total","2019","2019",248,,
"FRA","France","UUUN","Unknown place of training (nurses)","TOT","Total","2020","2020",206,,
"FRA","France","UUUN","Unknown place of training (nurses)","TOT","Total","2021","2021",206,,
"FRA","France","SFTN","% of foreign-trained nurses","TOT","Total","2014","2014",2.88,,
"FRA","France","SFTN","% of foreign-trained nurses","TOT","Total","2015","2015",2.95,,
"FRA","France","SFTN","% of foreign-trained nurses","TOT","Total","2016","2016",3.006,,
"FRA","France","SFTN","% of foreign-trained nurses","TOT","Total","2017","2017",3.048,,
"FRA","France","SFTN","% of foreign-trained nurses","TOT","Total","2018","2018",3.094,,
"FRA","France","SFTN","% of foreign-trained nurses","TOT","Total","2019","2019",3.11,,
"FRA","France","SFTN","% of foreign-trained nurses","TOT","Total","2020","2020",3.12,,
"FRA","France","SFTN","% of foreign-trained nurses","TOT","Total","2021","2021",3.135,,
"FRA","France","IFTN","Foreign-trained nurses - Annual inflow","TOT","Total","2014","2014",535,,
"FRA","France","IFTN","Foreign-trained nurses - Annual inflow","TOT","Total","2015","2015",554,,
"FRA","France","IFTN","Foreign-trained nurses - Annual inflow","TOT","Total","2016","2016",565,,
"FRA","France","IFTN","Foreign-trained nurses - Annual inflow","TOT","Total","2017","2017",461,,
"FRA","France","IFTN","Foreign-trained nurses - Annual inflow","TOT","Total","2018","2018",419,,
"FRA","France","IFTN","Foreign-trained nurses - Annual inflow","TOT","Total","2019","2019",182,,
"FRA","France","IFTN","Foreign-trained nurses - Annual inflow","TOT","Total","2020","2020",285,,
"FRA","France","IFTN","Foreign-trained nurses - Annual inflow","TOT","Total","2021","2021",384,,
"HUN","Hungary","TNBD","Total number of doctors","TOT","Total","2014","2014",32791,,
"HUN","Hungary","TNBD","Total number of doctors","TOT","Total","2015","2015",30486,"B","Break"
"HUN","Hungary","TNBD","Total number of doctors","TOT","Total","2016","2016",31515,,
"HUN","Hungary","TNBD","Total number of doctors","TOT","Total","2017","2017",32543,,
"HUN","Hungary","TNBD","Total number of doctors","TOT","Total","2018","2018",33078,,
"HUN","Hungary","TNBD","Total number of doctors","TOT","Total","2019","2019",34137,,
"HUN","Hungary","TNBD","Total number of doctors","TOT","Total","2020","2020",30610,"B","Break"
"HUN","Hungary","TNBD","Total number of doctors","TOT","Total","2021","2021",32026,,
"HUN","Hungary","DTRD","Domestically-trained doctors","TOT","Total","2014","2014",30309,,
"HUN","Hungary","DTRD","Domestically-trained doctors","TOT","Total","2015","2015",28112,"B","Break"
"HUN","Hungary","DTRD","Domestically-trained doctors","TOT","Total","2016","2016",29056,,
"HUN","Hungary","DTRD","Domestically-trained doctors","TOT","Total","2017","2017",29929,,
"HUN","Hungary","DTRD","Domestically-trained doctors","TOT","Total","2018","2018",30404,,
"HUN","Hungary","DTRD","Domestically-trained doctors","TOT","Total","2019","2019",31336,,
"HUN","Hungary","DTRD","Domestically-trained doctors","TOT","Total","2020","2020",28106,"B","Break"
"HUN","Hungary","DTRD","Domestically-trained doctors","TOT","Total","2021","2021",29404,,
"HUN","Hungary","FTDS","Foreign-trained doctors - Stock","TOT","Total","2014","2014",2482,,
"HUN","Hungary","FTDS","Foreign-trained doctors - Stock","TOT","Total","2015","2015",2374,"B","Break"
"HUN","Hungary","FTDS","Foreign-trained doctors - Stock","TOT","Total","2016","2016",2459,,
"HUN","Hungary","FTDS","Foreign-trained doctors - Stock","TOT","Total","2017","2017",2614,,
"HUN","Hungary","FTDS","Foreign-trained doctors - Stock","TOT","Total","2018","2018",2674,,
"HUN","Hungary","FTDS","Foreign-trained doctors - Stock","TOT","Total","2019","2019",2801,,
"HUN","Hungary","FTDS","Foreign-trained doctors - Stock","TOT","Total","2020","2020",2504,"B","Break"
"HUN","Hungary","FTDS","Foreign-trained doctors - Stock","TOT","Total","2021","2021",2622,,
"HUN","Hungary","SFTD","% of foreign-trained doctors","TOT","Total","2014","2014",7.569,,
"HUN","Hungary","SFTD","% of foreign-trained doctors","TOT","Total","2015","2015",7.787,,
"HUN","Hungary","SFTD","% of foreign-trained doctors","TOT","Total","2016","2016",7.803,,
"HUN","Hungary","SFTD","% of foreign-trained doctors","TOT","Total","2017","2017",8.03,,
"HUN","Hungary","SFTD","% of foreign-trained doctors","TOT","Total","2018","2018",8.09,,
"HUN","Hungary","SFTD","% of foreign-trained doctors","TOT","Total","2019","2019",8.205,,
"HUN","Hungary","SFTD","% of foreign-trained doctors","TOT","Total","2020","2020",8.18,,
"HUN","Hungary","SFTD","% of foreign-trained doctors","TOT","Total","2021","2021",8.187,,
"HUN","Hungary","IFTD","Foreign-trained doctors - Annual inflow","TOT","Total","2014","2014",82,,
"HUN","Hungary","IFTD","Foreign-trained doctors - Annual inflow","TOT","Total","2015","2015",133,,
"HUN","Hungary","IFTD","Foreign-trained doctors - Annual inflow","TOT","Total","2016","2016",109,,
"HUN","Hungary","IFTD","Foreign-trained doctors - Annual inflow","TOT","Total","2017","2017",111,,
"HUN","Hungary","IFTD","Foreign-trained doctors - Annual inflow","TOT","Total","2018","2018",137,,
"HUN","Hungary","IFTD","Foreign-trained doctors - Annual inflow","TOT","Total","2019","2019",123,,
"HUN","Hungary","IFTD","Foreign-trained doctors - Annual inflow","TOT","Total","2020","2020",92,,
"HUN","Hungary","IFTD","Foreign-trained doctors - Annual inflow","TOT","Total","2021","2021",113,,
"HUN","Hungary","TNBN","Total number of nurses","TOT","Total","2014","2014",60216,,
"HUN","Hungary","TNBN","Total number of nurses","TOT","Total","2015","2015",59273,,
"HUN","Hungary","TNBN","Total number of nurses","TOT","Total","2016","2016",61167,,
"HUN","Hungary","TNBN","Total number of nurses","TOT","Total","2017","2017",63739,,
"HUN","Hungary","TNBN","Total number of nurses","TOT","Total","2018","2018",64695,,
"HUN","Hungary","TNBN","Total number of nurses","TOT","Total","2019","2019",64722,,
"HUN","Hungary","TNBN","Total number of nurses","TOT","Total","2020","2020",64197,,
"HUN","Hungary","TNBN","Total number of nurses","TOT","Total","2021","2021",64678,,
"HUN","Hungary","DTRN","Domestically-trained nurses","TOT","Total","2014","2014",59413,,
"HUN","Hungary","DTRN","Domestically-trained nurses","TOT","Total","2015","2015",58393,,
"HUN","Hungary","DTRN","Domestically-trained nurses","TOT","Total","2016","2016",60260,,
"HUN","Hungary","DTRN","Domestically-trained nurses","TOT","Total","2017","2017",62786,,
"HUN","Hungary","DTRN","Domestically-trained nurses","TOT","Total","2018","2018",63700,,
"HUN","Hungary","DTRN","Domestically-trained nurses","TOT","Total","2019","2019",63712,,
"HUN","Hungary","DTRN","Domestically-trained nurses","TOT","Total","2020","2020",63162,,
"HUN","Hungary","DTRN","Domestically-trained nurses","TOT","Total","2021","2021",63646,,
"HUN","Hungary","FTNS","Foreign-trained nurses - Stock","TOT","Total","2014","2014",803,,
"HUN","Hungary","FTNS","Foreign-trained nurses - Stock","TOT","Total","2015","2015",880,,
"HUN","Hungary","FTNS","Foreign-trained nurses - Stock","TOT","Total","2016","2016",907,,
"HUN","Hungary","FTNS","Foreign-trained nurses - Stock","TOT","Total","2017","2017",953,,
"HUN","Hungary","FTNS","Foreign-trained nurses - Stock","TOT","Total","2018","2018",995,,
"HUN","Hungary","FTNS","Foreign-trained nurses - Stock","TOT","Total","2019","2019",1010,,
"HUN","Hungary","FTNS","Foreign-trained nurses - Stock","TOT","Total","2020","2020",1035,,
"HUN","Hungary","FTNS","Foreign-trained nurses - Stock","TOT","Total","2021","2021",1032,,
"HUN","Hungary","SFTN","% of foreign-trained nurses","TOT","Total","2014","2014",1.334,,
"HUN","Hungary","SFTN","% of foreign-trained nurses","TOT","Total","2015","2015",1.485,,
"HUN","Hungary","SFTN","% of foreign-trained nurses","TOT","Total","2016","2016",1.483,,
"HUN","Hungary","SFTN","% of foreign-trained nurses","TOT","Total","2017","2017",1.495,,
"HUN","Hungary","SFTN","% of foreign-trained nurses","TOT","Total","2018","2018",1.538,,
"HUN","Hungary","SFTN","% of foreign-trained nurses","TOT","Total","2019","2019",1.561,,
"HUN","Hungary","SFTN","% of foreign-trained nurses","TOT","Total","2020","2020",1.61,,
"HUN","Hungary","SFTN","% of foreign-trained nurses","TOT","Total","2021","2021",1.596,,
"HUN","Hungary","IFTN","Foreign-trained nurses - Annual inflow","TOT","Total","2014","2014",49,,
"HUN","Hungary","IFTN","Foreign-trained nurses - Annual inflow","TOT","Total","2015","2015",72,,
"HUN","Hungary","IFTN","Foreign-trained nurses - Annual inflow","TOT","Total","2016","2016",71,,
"HUN","Hungary","IFTN","Foreign-trained nurses - Annual inflow","TOT","Total","2017","2017",88,,
"HUN","Hungary","IFTN","Foreign-trained nurses - Annual inflow","TOT","Total","2018","2018",107,,
"HUN","Hungary","IFTN","Foreign-trained nurses - Annual inflow","TOT","Total","2019","2019",53,,
"HUN","Hungary","IFTN","Foreign-trained nurses - Annual inflow","TOT","Total","2020","2020",74,,
"HUN","Hungary","IFTN","Foreign-trained nurses - Annual inflow","TOT","Total","2021","2021",52,,
"NLD","Netherlands","TNBD","Total number of doctors","TOT","Total","2014","2014",57762,,
"NLD","Netherlands","TNBD","Total number of doctors","TOT","Total","2015","2015",59144,,
"NLD","Netherlands","TNBD","Total number of doctors","TOT","Total","2016","2016",60233,,
"NLD","Netherlands","TNBD","Total number of doctors","TOT","Total","2017","2017",61730,,
"NLD","Netherlands","TNBD","Total number of doctors","TOT","Total","2018","2018",63278,,
"NLD","Netherlands","TNBD","Total number of doctors","TOT","Total","2019","2019",65121,,
"NLD","Netherlands","TNBD","Total number of doctors","TOT","Total","2020","2020",67100,,
"NLD","Netherlands","TNBD","Total number of doctors","TOT","Total","2021","2021",68363,,
"NLD","Netherlands","DTRD","Domestically-trained doctors","TOT","Total","2014","2014",56533,,
"NLD","Netherlands","DTRD","Domestically-trained doctors","TOT","Total","2015","2015",57856,,
"NLD","Netherlands","DTRD","Domestically-trained doctors","TOT","Total","2016","2016",58897,,
"NLD","Netherlands","DTRD","Domestically-trained doctors","TOT","Total","2017","2017",60036,,
"NLD","Netherlands","DTRD","Domestically-trained doctors","TOT","Total","2018","2018",61247,,
"NLD","Netherlands","DTRD","Domestically-trained doctors","TOT","Total","2019","2019",62788,,
"NLD","Netherlands","DTRD","Domestically-trained doctors","TOT","Total","2020","2020",64708,,
"NLD","Netherlands","DTRD","Domestically-trained doctors","TOT","Total","2021","2021",65893,,
"NLD","Netherlands","FTDS","Foreign-trained doctors - Stock","TOT","Total","2014","2014",1229,,
"NLD","Netherlands","FTDS","Foreign-trained doctors - Stock","TOT","Total","2015","2015",1288,,
"NLD","Netherlands","FTDS","Foreign-trained doctors - Stock","TOT","Total","2016","2016",1336,,
"NLD","Netherlands","FTDS","Foreign-trained doctors - Stock","TOT","Total","2017","2017",1694,,
"NLD","Netherlands","FTDS","Foreign-trained doctors - Stock","TOT","Total","2018","2018",2031,,
"NLD","Netherlands","FTDS","Foreign-trained doctors - Stock","TOT","Total","2019","2019",2333,,
"NLD","Netherlands","FTDS","Foreign-trained doctors - Stock","TOT","Total","2020","2020",2392,,
"NLD","Netherlands","FTDS","Foreign-trained doctors - Stock","TOT","Total","2021","2021",2470,,
"NLD","Netherlands","UUUD","Unknown place of training (doctors)","TOT","Total","2014","2014",0,,
"NLD","Netherlands","UUUD","Unknown place of training (doctors)","TOT","Total","2015","2015",0,,
"NLD","Netherlands","UUUD","Unknown place of training (doctors)","TOT","Total","2016","2016",0,,
"NLD","Netherlands","UUUD","Unknown place of training (doctors)","TOT","Total","2017","2017",0,,
"NLD","Netherlands","UUUD","Unknown place of training (doctors)","TOT","Total","2018","2018",0,,
"NLD","Netherlands","UUUD","Unknown place of training (doctors)","TOT","Total","2019","2019",0,,
"NLD","Netherlands","UUUD","Unknown place of training (doctors)","TOT","Total","2020","2020",0,,
"NLD","Netherlands","UUUD","Unknown place of training (doctors)","TOT","Total","2021","2021",0,,
"NLD","Netherlands","SFTD","% of foreign-trained doctors","TOT","Total","2014","2014",2.128,,
"NLD","Netherlands","SFTD","% of foreign-trained doctors","TOT","Total","2015","2015",2.178,,
"NLD","Netherlands","SFTD","% of foreign-trained doctors","TOT","Total","2016","2016",2.218,,
"NLD","Netherlands","SFTD","% of foreign-trained doctors","TOT","Total","2017","2017",2.744,,
"NLD","Netherlands","SFTD","% of foreign-trained doctors","TOT","Total","2018","2018",3.21,,
"NLD","Netherlands","SFTD","% of foreign-trained doctors","TOT","Total","2019","2019",3.583,,
"NLD","Netherlands","SFTD","% of foreign-trained doctors","TOT","Total","2020","2020",3.565,,
"NLD","Netherlands","SFTD","% of foreign-trained doctors","TOT","Total","2021","2021",3.613,,
"NLD","Netherlands","IFTD","Foreign-trained doctors - Annual inflow","TOT","Total","2014","2014",137,,
"NLD","Netherlands","IFTD","Foreign-trained doctors - Annual inflow","TOT","Total","2015","2015",161,,
"NLD","Netherlands","IFTD","Foreign-trained doctors - Annual inflow","TOT","Total","2016","2016",123,,
"NLD","Netherlands","IFTD","Foreign-trained doctors - Annual inflow","TOT","Total","2017","2017",196,,
"NLD","Netherlands","IFTD","Foreign-trained doctors - Annual inflow","TOT","Total","2018","2018",145,,
"NLD","Netherlands","IFTD","Foreign-trained doctors - Annual inflow","TOT","Total","2019","2019",420,"B","Break"
"NLD","Netherlands","IFTD","Foreign-trained doctors - Annual inflow","TOT","Total","2020","2020",229,,
"NLD","Netherlands","IFTD","Foreign-trained doctors - Annual inflow","TOT","Total","2021","2021",212,,
"NLD","Netherlands","TNBN","Total number of nurses","TOT","Total","2014","2014",174285,,
"NLD","Netherlands","TNBN","Total number of nurses","TOT","Total","2015","2015",178340,,
"NLD","Netherlands","TNBN","Total number of nurses","TOT","Total","2016","2016",181685,,
"NLD","Netherlands","TNBN","Total number of nurses","TOT","Total","2017","2017",187345,,
"NLD","Netherlands","TNBN","Total number of nurses","TOT","Total","2018","2018",192263,,
"NLD","Netherlands","TNBN","Total number of nurses","TOT","Total","2019","2019",186801,,
"NLD","Netherlands","TNBN","Total number of nurses","TOT","Total","2020","2020",193380,,
"NLD","Netherlands","TNBN","Total number of nurses","TOT","Total","2021","2021",199506,,
"NLD","Netherlands","DTRN","Domestically-trained nurses","TOT","Total","2014","2014",174132,,
"NLD","Netherlands","DTRN","Domestically-trained nurses","TOT","Total","2015","2015",177378,,
"NLD","Netherlands","DTRN","Domestically-trained nurses","TOT","Total","2016","2016",180707,,
"NLD","Netherlands","DTRN","Domestically-trained nurses","TOT","Total","2017","2017",184906,,
"NLD","Netherlands","DTRN","Domestically-trained nurses","TOT","Total","2018","2018",189796,,
"NLD","Netherlands","DTRN","Domestically-trained nurses","TOT","Total","2019","2019",184205,,
"NLD","Netherlands","DTRN","Domestically-trained nurses","TOT","Total","2020","2020",190688,,
"NLD","Netherlands","DTRN","Domestically-trained nurses","TOT","Total","2021","2021",196598,,
"NLD","Netherlands","FTNS","Foreign-trained nurses - Stock","TOT","Total","2014","2014",153,,
"NLD","Netherlands","FTNS","Foreign-trained nurses - Stock","TOT","Total","2015","2015",962,,
"NLD","Netherlands","FTNS","Foreign-trained nurses - Stock","TOT","Total","2016","2016",978,,
"NLD","Netherlands","FTNS","Foreign-trained nurses - Stock","TOT","Total","2017","2017",2439,,
"NLD","Netherlands","FTNS","Foreign-trained nurses - Stock","TOT","Total","2018","2018",2467,,
"NLD","Netherlands","FTNS","Foreign-trained nurses - Stock","TOT","Total","2019","2019",2596,,
"NLD","Netherlands","FTNS","Foreign-trained nurses - Stock","TOT","Total","2020","2020",2692,,
"NLD","Netherlands","FTNS","Foreign-trained nurses - Stock","TOT","Total","2021","2021",2908,,
"NLD","Netherlands","SFTN","% of foreign-trained nurses","TOT","Total","2014","2014",0.088,,
"NLD","Netherlands","SFTN","% of foreign-trained nurses","TOT","Total","2015","2015",0.539,,
"NLD","Netherlands","SFTN","% of foreign-trained nurses","TOT","Total","2016","2016",0.538,,
"NLD","Netherlands","SFTN","% of foreign-trained nurses","TOT","Total","2017","2017",1.302,,
"NLD","Netherlands","SFTN","% of foreign-trained nurses","TOT","Total","2018","2018",1.283,,
"NLD","Netherlands","SFTN","% of foreign-trained nurses","TOT","Total","2019","2019",1.39,,
"NLD","Netherlands","SFTN","% of foreign-trained nurses","TOT","Total","2020","2020",1.392,,
"NLD","Netherlands","SFTN","% of foreign-trained nurses","TOT","Total","2021","2021",1.458,,
"NLD","Netherlands","IFTN","Foreign-trained nurses - Annual inflow","TOT","Total","2014","2014",49,,
"NLD","Netherlands","IFTN","Foreign-trained nurses - Annual inflow","TOT","Total","2015","2015",100,,
"NLD","Netherlands","IFTN","Foreign-trained nurses - Annual inflow","TOT","Total","2016","2016",84,,
"NLD","Netherlands","IFTN","Foreign-trained nurses - Annual inflow","TOT","Total","2017","2017",127,,
"NLD","Netherlands","IFTN","Foreign-trained nurses - Annual inflow","TOT","Total","2018","2018",135,,
"NLD","Netherlands","IFTN","Foreign-trained nurses - Annual inflow","TOT","Total","2019","2019",381,,
"NLD","Netherlands","IFTN","Foreign-trained nurses - Annual inflow","TOT","Total","2020","2020",196,,
"NLD","Netherlands","IFTN","Foreign-trained nurses - Annual inflow","TOT","Total","2021","2021",316,,
"NOR","Norway","TNBD","Total number of doctors","TOT","Total","2014","2014",22692,,
"NOR","Norway","TNBD","Total number of doctors","TOT","Total","2015","2015",23040,,
"NOR","Norway","TNBD","Total number of doctors","TOT","Total","2016","2016",23917,,
"NOR","Norway","TNBD","Total number of doctors","TOT","Total","2017","2017",24906,,
"NOR","Norway","TNBD","Total number of doctors","TOT","Total","2018","2018",25700,,
"NOR","Norway","TNBD","Total number of doctors","TOT","Total","2019","2019",26452,,
"NOR","Norway","TNBD","Total number of doctors","TOT","Total","2020","2020",27237,,
"NOR","Norway","TNBD","Total number of doctors","TOT","Total","2021","2021",27781,,
"NOR","Norway","DTRD","Domestically-trained doctors","TOT","Total","2014","2014",13921,,
"NOR","Norway","DTRD","Domestically-trained doctors","TOT","Total","2015","2015",13986,,
"NOR","Norway","DTRD","Domestically-trained doctors","TOT","Total","2016","2016",14347,,
"NOR","Norway","DTRD","Domestically-trained doctors","TOT","Total","2017","2017",14752,,
"NOR","Norway","DTRD","Domestically-trained doctors","TOT","Total","2018","2018",15030,,
"NOR","Norway","DTRD","Domestically-trained doctors","TOT","Total","2019","2019",15283,,
"NOR","Norway","DTRD","Domestically-trained doctors","TOT","Total","2020","2020",15579,,
"NOR","Norway","DTRD","Domestically-trained doctors","TOT","Total","2021","2021",15732,,
"NOR","Norway","FTDS","Foreign-trained doctors - Stock","TOT","Total","2014","2014",8462,,
"NOR","Norway","FTDS","Foreign-trained doctors - Stock","TOT","Total","2015","2015",8733,,
"NOR","Norway","FTDS","Foreign-trained doctors - Stock","TOT","Total","2016","2016",9263,,
"NOR","Norway","FTDS","Foreign-trained doctors - Stock","TOT","Total","2017","2017",9818,,
"NOR","Norway","FTDS","Foreign-trained doctors - Stock","TOT","Total","2018","2018",10302,,
"NOR","Norway","FTDS","Foreign-trained doctors - Stock","TOT","Total","2019","2019",10794,,
"NOR","Norway","FTDS","Foreign-trained doctors - Stock","TOT","Total","2020","2020",11239,,
"NOR","Norway","FTDS","Foreign-trained doctors - Stock","TOT","Total","2021","2021",11697,,
"NOR","Norway","NFTD","of which native-born but foreign-trained (doctors)","TOT","Total","2014","2014",4512,,
"NOR","Norway","NFTD","of which native-born but foreign-trained (doctors)","TOT","Total","2015","2015",4467,,
"NOR","Norway","NFTD","of which native-born but foreign-trained (doctors)","TOT","Total","2016","2016",4829,,
"NOR","Norway","NFTD","of which native-born but foreign-trained (doctors)","TOT","Total","2017","2017",5163,,
"NOR","Norway","NFTD","of which native-born but foreign-trained (doctors)","TOT","Total","2018","2018",5529,,
"NOR","Norway","NFTD","of which native-born but foreign-trained (doctors)","TOT","Total","2019","2019",5836,,
"NOR","Norway","NFTD","of which native-born but foreign-trained (doctors)","TOT","Total","2020","2020",6192,,
"NOR","Norway","NFTD","of which native-born but foreign-trained (doctors)","TOT","Total","2021","2021",6480,,
"NOR","Norway","UUUD","Unknown place of training (doctors)","TOT","Total","2014","2014",309,,
"NOR","Norway","UUUD","Unknown place of training (doctors)","TOT","Total","2015","2015",321,,
"NOR","Norway","UUUD","Unknown place of training (doctors)","TOT","Total","2016","2016",307,,
"NOR","Norway","UUUD","Unknown place of training (doctors)","TOT","Total","2017","2017",336,,
"NOR","Norway","UUUD","Unknown place of training (doctors)","TOT","Total","2018","2018",368,,
"NOR","Norway","UUUD","Unknown place of training (doctors)","TOT","Total","2019","2019",375,,
"NOR","Norway","UUUD","Unknown place of training (doctors)","TOT","Total","2020","2020",419,,
"NOR","Norway","UUUD","Unknown place of training (doctors)","TOT","Total","2021","2021",352,,
"NOR","Norway","SFTD","% of foreign-trained doctors","TOT","Total","2014","2014",37.291,,
"NOR","Norway","SFTD","% of foreign-trained doctors","TOT","Total","2015","2015",37.904,,
"NOR","Norway","SFTD","% of foreign-trained doctors","TOT","Total","2016","2016",38.73,,
"NOR","Norway","SFTD","% of foreign-trained doctors","TOT","Total","2017","2017",39.42,,
"NOR","Norway","SFTD","% of foreign-trained doctors","TOT","Total","2018","2018",40.086,,
"NOR","Norway","SFTD","% of foreign-trained doctors","TOT","Total","2019","2019",40.806,,
"NOR","Norway","SFTD","% of foreign-trained doctors","TOT","Total","2020","2020",41.264,,
"NOR","Norway","SFTD","% of foreign-trained doctors","TOT","Total","2021","2021",42.1,,
"NOR","Norway","TNBN","Total number of nurses","TOT","Total","2014","2014",89558,,
"NOR","Norway","TNBN","Total number of nurses","TOT","Total","2015","2015",92673,,
"NOR","Norway","TNBN","Total number of nurses","TOT","Total","2016","2016",94352,,
"NOR","Norway","TNBN","Total number of nurses","TOT","Total","2017","2017",96062,,
"NOR","Norway","TNBN","Total number of nurses","TOT","Total","2018","2018",96949,,
"NOR","Norway","TNBN","Total number of nurses","TOT","Total","2019","2019",98487,,
"NOR","Norway","TNBN","Total number of nurses","TOT","Total","2020","2020",99749,,
"NOR","Norway","TNBN","Total number of nurses","TOT","Total","2021","2021",101927,,
"NOR","Norway","DTRN","Domestically-trained nurses","TOT","Total","2014","2014",77867,,
"NOR","Norway","DTRN","Domestically-trained nurses","TOT","Total","2015","2015",80813,,
"NOR","Norway","DTRN","Domestically-trained nurses","TOT","Total","2016","2016",82606,,
"NOR","Norway","DTRN","Domestically-trained nurses","TOT","Total","2017","2017",84352,,
"NOR","Norway","DTRN","Domestically-trained nurses","TOT","Total","2018","2018",86068,,
"NOR","Norway","DTRN","Domestically-trained nurses","TOT","Total","2019","2019",87644,,
"NOR","Norway","DTRN","Domestically-trained nurses","TOT","Total","2020","2020",89179,,
"NOR","Norway","DTRN","Domestically-trained nurses","TOT","Total","2021","2021",91356,,
"NOR","Norway","FTNS","Foreign-trained nurses - Stock","TOT","Total","2014","2014",8036,,
"NOR","Norway","FTNS","Foreign-trained nurses - Stock","TOT","Total","2015","2015",8317,,
"NOR","Norway","FTNS","Foreign-trained nurses - Stock","TOT","Total","2016","2016",8321,,
"NOR","Norway","FTNS","Foreign-trained nurses - Stock","TOT","Total","2017","2017",8390,,
"NOR","Norway","FTNS","Foreign-trained nurses - Stock","TOT","Total","2018","2018",6057,,
"NOR","Norway","FTNS","Foreign-trained nurses - Stock","TOT","Total","2019","2019",6136,,
"NOR","Norway","FTNS","Foreign-trained nurses - Stock","TOT","Total","2020","2020",6086,,
"NOR","Norway","FTNS","Foreign-trained nurses - Stock","TOT","Total","2021","2021",6275,,
"NOR","Norway","NFTN","of which native-born but foreign-trained (nurses)","TOT","Total","2014","2014",1110,,
"NOR","Norway","NFTN","of which native-born but foreign-trained (nurses)","TOT","Total","2015","2015",1128,,
"NOR","Norway","NFTN","of which native-born but foreign-trained (nurses)","TOT","Total","2016","2016",1128,,
"NOR","Norway","NFTN","of which native-born but foreign-trained (nurses)","TOT","Total","2017","2017",1113,,
"NOR","Norway","NFTN","of which native-born but foreign-trained (nurses)","TOT","Total","2018","2018",1118,,
"NOR","Norway","NFTN","of which native-born but foreign-trained (nurses)","TOT","Total","2019","2019",1111,,
"NOR","Norway","NFTN","of which native-born but foreign-trained (nurses)","TOT","Total","2020","2020",1113,,
"NOR","Norway","NFTN","of which native-born but foreign-trained (nurses)","TOT","Total","2021","2021",1140,,
"NOR","Norway","UUUN","Unknown place of training (nurses)","TOT","Total","2014","2014",3655,,
"NOR","Norway","UUUN","Unknown place of training (nurses)","TOT","Total","2015","2015",3543,,
"NOR","Norway","UUUN","Unknown place of training (nurses)","TOT","Total","2016","2016",3425,,
"NOR","Norway","UUUN","Unknown place of training (nurses)","TOT","Total","2017","2017",3320,,
"NOR","Norway","UUUN","Unknown place of training (nurses)","TOT","Total","2018","2018",4824,,
"NOR","Norway","UUUN","Unknown place of training (nurses)","TOT","Total","2019","2019",4707,,
"NOR","Norway","UUUN","Unknown place of training (nurses)","TOT","Total","2020","2020",4484,,
"NOR","Norway","UUUN","Unknown place of training (nurses)","TOT","Total","2021","2021",4296,,
"NOR","Norway","SFTN","% of foreign-trained nurses","TOT","Total","2014","2014",8.973,,
"NOR","Norway","SFTN","% of foreign-trained nurses","TOT","Total","2015","2015",8.975,,
"NOR","Norway","SFTN","% of foreign-trained nurses","TOT","Total","2016","2016",8.819,,
"NOR","Norway","SFTN","% of foreign-trained nurses","TOT","Total","2017","2017",8.734,,
"NOR","Norway","SFTN","% of foreign-trained nurses","TOT","Total","2018","2018",6.248,,
"NOR","Norway","SFTN","% of foreign-trained nurses","TOT","Total","2019","2019",6.23,,
"NOR","Norway","SFTN","% of foreign-trained nurses","TOT","Total","2020","2020",6.101,,
"NOR","Norway","SFTN","% of foreign-trained nurses","TOT","Total","2021","2021",6.16,,
"POL","Poland","TNBD","Total number of doctors","TOT","Total","2014","2014",129031,,
"POL","Poland","TNBD","Total number of doctors","TOT","Total","2015","2015",131059,,
"POL","Poland","TNBD","Total number of doctors","TOT","Total","2016","2016",133283,,
"POL","Poland","TNBD","Total number of doctors","TOT","Total","2017","2017",135468,,
"POL","Poland","TNBD","Total number of doctors","TOT","Total","2018","2018",138036,,
"POL","Poland","TNBD","Total number of doctors","TOT","Total","2019","2019",140589,,
"POL","Poland","TNBD","Total number of doctors","TOT","Total","2020","2020",142718,,
"POL","Poland","TNBD","Total number of doctors","TOT","Total","2021","2021",146107,,
"POL","Poland","DTRD","Domestically-trained doctors","TOT","Total","2014","2014",126729,,
"POL","Poland","DTRD","Domestically-trained doctors","TOT","Total","2015","2015",128701,,
"POL","Poland","DTRD","Domestically-trained doctors","TOT","Total","2016","2016",130832,,
"POL","Poland","DTRD","Domestically-trained doctors","TOT","Total","2017","2017",132919,,
"POL","Poland","DTRD","Domestically-trained doctors","TOT","Total","2018","2018",135358,,
"POL","Poland","DTRD","Domestically-trained doctors","TOT","Total","2019","2019",137655,,
"POL","Poland","DTRD","Domestically-trained doctors","TOT","Total","2020","2020",139530,,
"POL","Poland","DTRD","Domestically-trained doctors","TOT","Total","2021","2021",142170,,
"POL","Poland","FTDS","Foreign-trained doctors - Stock","TOT","Total","2014","2014",2302,,
"POL","Poland","FTDS","Foreign-trained doctors - Stock","TOT","Total","2015","2015",2358,,
"POL","Poland","FTDS","Foreign-trained doctors - Stock","TOT","Total","2016","2016",2451,,
"POL","Poland","FTDS","Foreign-trained doctors - Stock","TOT","Total","2017","2017",2549,,
"POL","Poland","FTDS","Foreign-trained doctors - Stock","TOT","Total","2018","2018",2678,,
"POL","Poland","FTDS","Foreign-trained doctors - Stock","TOT","Total","2019","2019",2934,,
"POL","Poland","FTDS","Foreign-trained doctors - Stock","TOT","Total","2020","2020",3188,,
"POL","Poland","FTDS","Foreign-trained doctors - Stock","TOT","Total","2021","2021",3937,,
"POL","Poland","SFTD","% of foreign-trained doctors","TOT","Total","2014","2014",1.78,,
"POL","Poland","SFTD","% of foreign-trained doctors","TOT","Total","2015","2015",1.8,,
"POL","Poland","SFTD","% of foreign-trained doctors","TOT","Total","2016","2016",1.84,,
"POL","Poland","SFTD","% of foreign-trained doctors","TOT","Total","2017","2017",1.88,,
"POL","Poland","SFTD","% of foreign-trained doctors","TOT","Total","2018","2018",1.94,,
"POL","Poland","SFTD","% of foreign-trained doctors","TOT","Total","2019","2019",2.09,,
"POL","Poland","SFTD","% of foreign-trained doctors","TOT","Total","2020","2020",2.23,,
"POL","Poland","SFTD","% of foreign-trained doctors","TOT","Total","2021","2021",2.69,,
"POL","Poland","IFTD","Foreign-trained doctors - Annual inflow","TOT","Total","2014","2014",157,,
"POL","Poland","IFTD","Foreign-trained doctors - Annual inflow","TOT","Total","2015","2015",104,,
"POL","Poland","IFTD","Foreign-trained doctors - Annual inflow","TOT","Total","2016","2016",174,,
"POL","Poland","IFTD","Foreign-trained doctors - Annual inflow","TOT","Total","2017","2017",172,,
"POL","Poland","IFTD","Foreign-trained doctors - Annual inflow","TOT","Total","2018","2018",240,,
"POL","Poland","IFTD","Foreign-trained doctors - Annual inflow","TOT","Total","2019","2019",365,,
"POL","Poland","IFTD","Foreign-trained doctors - Annual inflow","TOT","Total","2020","2020",390,,
"POL","Poland","IFTD","Foreign-trained doctors - Annual inflow","TOT","Total","2021","2021",887,,
"POL","Poland","TNBN","Total number of nurses","TOT","Total","2015","2015",285390,,
"POL","Poland","TNBN","Total number of nurses","TOT","Total","2016","2016",288395,,
"POL","Poland","TNBN","Total number of nurses","TOT","Total","2017","2017",291790,,
"POL","Poland","TNBN","Total number of nurses","TOT","Total","2018","2018",295437,,
"POL","Poland","TNBN","Total number of nurses","TOT","Total","2019","2019",299619,,
"POL","Poland","TNBN","Total number of nurses","TOT","Total","2020","2020",303211,,
"POL","Poland","TNBN","Total number of nurses","TOT","Total","2021","2021",307832,,
"POL","Poland","DTRN","Domestically-trained nurses","TOT","Total","2016","2016",288245,,
"POL","Poland","DTRN","Domestically-trained nurses","TOT","Total","2017","2017",291628,,
"POL","Poland","DTRN","Domestically-trained nurses","TOT","Total","2018","2018",295246,,
"POL","Poland","DTRN","Domestically-trained nurses","TOT","Total","2019","2019",299376,,
"POL","Poland","DTRN","Domestically-trained nurses","TOT","Total","2020","2020",302896,,
"POL","Poland","DTRN","Domestically-trained nurses","TOT","Total","2021","2021",307250,,
"POL","Poland","FTNS","Foreign-trained nurses - Stock","TOT","Total","2016","2016",150,,
"POL","Poland","FTNS","Foreign-trained nurses - Stock","TOT","Total","2017","2017",162,,
"POL","Poland","FTNS","Foreign-trained nurses - Stock","TOT","Total","2018","2018",191,,
"POL","Poland","FTNS","Foreign-trained nurses - Stock","TOT","Total","2019","2019",243,,
"POL","Poland","FTNS","Foreign-trained nurses - Stock","TOT","Total","2020","2020",315,,
"POL","Poland","FTNS","Foreign-trained nurses - Stock","TOT","Total","2021","2021",582,,
"POL","Poland","SFTN","% of foreign-trained nurses","TOT","Total","2016","2016",0.05,,
"POL","Poland","SFTN","% of foreign-trained nurses","TOT","Total","2017","2017",0.06,,
"POL","Poland","SFTN","% of foreign-trained nurses","TOT","Total","2018","2018",0.06,,
"POL","Poland","SFTN","% of foreign-trained nurses","TOT","Total","2019","2019",0.08,,
"POL","Poland","SFTN","% of foreign-trained nurses","TOT","Total","2020","2020",0.1,,
"POL","Poland","SFTN","% of foreign-trained nurses","TOT","Total","2021","2021",0.19,,
"CHE","Switzerland","TNBD","Total number of doctors","TOT","Total","2014","2014",34348,,
"CHE","Switzerland","TNBD","Total number of doctors","TOT","Total","2015","2015",35325,,
"CHE","Switzerland","TNBD","Total number of doctors","TOT","Total","2016","2016",36175,,
"CHE","Switzerland","TNBD","Total number of doctors","TOT","Total","2017","2017",36900,,
"CHE","Switzerland","TNBD","Total number of doctors","TOT","Total","2018","2018",37525,,
"CHE","Switzerland","TNBD","Total number of doctors","TOT","Total","2019","2019",37882,,
"CHE","Switzerland","TNBD","Total number of doctors","TOT","Total","2020","2020",38502,,
"CHE","Switzerland","TNBD","Total number of doctors","TOT","Total","2021","2021",39222,,
"CHE","Switzerland","DTRD","Domestically-trained doctors","TOT","Total","2014","2014",23870,,
"CHE","Switzerland","DTRD","Domestically-trained doctors","TOT","Total","2015","2015",24187,,
"CHE","Switzerland","DTRD","Domestically-trained doctors","TOT","Total","2016","2016",24275,,
"CHE","Switzerland","DTRD","Domestically-trained doctors","TOT","Total","2017","2017",24330,,
"CHE","Switzerland","DTRD","Domestically-trained doctors","TOT","Total","2018","2018",24259,,
"CHE","Switzerland","DTRD","Domestically-trained doctors","TOT","Total","2019","2019",24127,,
"CHE","Switzerland","DTRD","Domestically-trained doctors","TOT","Total","2020","2020",24116,,
"CHE","Switzerland","DTRD","Domestically-trained doctors","TOT","Total","2021","2021",24145,,
"CHE","Switzerland","FTDS","Foreign-trained doctors - Stock","TOT","Total","2014","2014",10478,,
"CHE","Switzerland","FTDS","Foreign-trained doctors - Stock","TOT","Total","2015","2015",11138,,
"CHE","Switzerland","FTDS","Foreign-trained doctors - Stock","TOT","Total","2016","2016",11900,,
"CHE","Switzerland","FTDS","Foreign-trained doctors - Stock","TOT","Total","2017","2017",12570,,
"CHE","Switzerland","FTDS","Foreign-trained doctors - Stock","TOT","Total","2018","2018",13266,,
"CHE","Switzerland","FTDS","Foreign-trained doctors - Stock","TOT","Total","2019","2019",13755,,
"CHE","Switzerland","FTDS","Foreign-trained doctors - Stock","TOT","Total","2020","2020",14386,,
"CHE","Switzerland","FTDS","Foreign-trained doctors - Stock","TOT","Total","2021","2021",15077,,
"CHE","Switzerland","SFTD","% of foreign-trained doctors","TOT","Total","2014","2014",30.505,,
"CHE","Switzerland","SFTD","% of foreign-trained doctors","TOT","Total","2015","2015",31.53,,
"CHE","Switzerland","SFTD","% of foreign-trained doctors","TOT","Total","2016","2016",32.896,,
"CHE","Switzerland","SFTD","% of foreign-trained doctors","TOT","Total","2017","2017",34.065,,
"CHE","Switzerland","SFTD","% of foreign-trained doctors","TOT","Total","2018","2018",35.352,,
"CHE","Switzerland","SFTD","% of foreign-trained doctors","TOT","Total","2019","2019",36.3,,
"CHE","Switzerland","SFTD","% of foreign-trained doctors","TOT","Total","2020","2020",37.36,,
"CHE","Switzerland","SFTD","% of foreign-trained doctors","TOT","Total","2021","2021",38.44,,
"CHE","Switzerland","TNBN","Total number of nurses","TOT","Total","2014","2014",66445,"D","Difference in methodology"
"CHE","Switzerland","TNBN","Total number of nurses","TOT","Total","2015","2015",68785,"D","Difference in methodology"
"CHE","Switzerland","TNBN","Total number of nurses","TOT","Total","2016","2016",70866,"D","Difference in methodology"
"CHE","Switzerland","TNBN","Total number of nurses","TOT","Total","2017","2017",71005,"D","Difference in methodology"
"CHE","Switzerland","TNBN","Total number of nurses","TOT","Total","2018","2018",72521,"D","Difference in methodology"
"CHE","Switzerland","TNBN","Total number of nurses","TOT","Total","2019","2019",74245,"D","Difference in methodology"
"CHE","Switzerland","TNBN","Total number of nurses","TOT","Total","2020","2020",76663,"D","Difference in methodology"
"CHE","Switzerland","TNBN","Total number of nurses","TOT","Total","2021","2021",77173,"D","Difference in methodology"
"CHE","Switzerland","DTRN","Domestically-trained nurses","TOT","Total","2014","2014",35129,"D","Difference in methodology"
"CHE","Switzerland","DTRN","Domestically-trained nurses","TOT","Total","2015","2015",39509,"D","Difference in methodology"
"CHE","Switzerland","DTRN","Domestically-trained nurses","TOT","Total","2016","2016",42217,"D","Difference in methodology"
"CHE","Switzerland","DTRN","Domestically-trained nurses","TOT","Total","2017","2017",42974,"D","Difference in methodology"
"CHE","Switzerland","DTRN","Domestically-trained nurses","TOT","Total","2018","2018",42925,"D","Difference in methodology"
"CHE","Switzerland","DTRN","Domestically-trained nurses","TOT","Total","2019","2019",46741,"D","Difference in methodology"
"CHE","Switzerland","DTRN","Domestically-trained nurses","TOT","Total","2020","2020",48978,"D","Difference in methodology"
"CHE","Switzerland","DTRN","Domestically-trained nurses","TOT","Total","2021","2021",48854,"D","Difference in methodology"
"CHE","Switzerland","FTNS","Foreign-trained nurses - Stock","TOT","Total","2014","2014",16756,"D","Difference in methodology"
"CHE","Switzerland","FTNS","Foreign-trained nurses - Stock","TOT","Total","2015","2015",17765,"D","Difference in methodology"
"CHE","Switzerland","FTNS","Foreign-trained nurses - Stock","TOT","Total","2016","2016",18352,"D","Difference in methodology"
"CHE","Switzerland","FTNS","Foreign-trained nurses - Stock","TOT","Total","2017","2017",18403,"D","Difference in methodology"
"CHE","Switzerland","FTNS","Foreign-trained nurses - Stock","TOT","Total","2018","2018",18122,"D","Difference in methodology"
"CHE","Switzerland","FTNS","Foreign-trained nurses - Stock","TOT","Total","2019","2019",19208,"D","Difference in methodology"
"CHE","Switzerland","FTNS","Foreign-trained nurses - Stock","TOT","Total","2020","2020",19947,"D","Difference in methodology"
"CHE","Switzerland","FTNS","Foreign-trained nurses - Stock","TOT","Total","2021","2021",19721,"D","Difference in methodology"
"CHE","Switzerland","UUUN","Unknown place of training (nurses)","TOT","Total","2014","2014",14560,"D","Difference in methodology"
"CHE","Switzerland","UUUN","Unknown place of training (nurses)","TOT","Total","2015","2015",11511,"D","Difference in methodology"
"CHE","Switzerland","UUUN","Unknown place of training (nurses)","TOT","Total","2016","2016",10297,"D","Difference in methodology"
"CHE","Switzerland","UUUN","Unknown place of training (nurses)","TOT","Total","2017","2017",9628,"D","Difference in methodology"
"CHE","Switzerland","UUUN","Unknown place of training (nurses)","TOT","Total","2018","2018",11474,"D","Difference in methodology"
"CHE","Switzerland","UUUN","Unknown place of training (nurses)","TOT","Total","2019","2019",8296,"D","Difference in methodology"
"CHE","Switzerland","UUUN","Unknown place of training (nurses)","TOT","Total","2020","2020",7738,"D","Difference in methodology"
"CHE","Switzerland","UUUN","Unknown place of training (nurses)","TOT","Total","2021","2021",8598,"D","Difference in methodology"
"CHE","Switzerland","SFTN","% of foreign-trained nurses","TOT","Total","2014","2014",25.218,"D","Difference in methodology"
"CHE","Switzerland","SFTN","% of foreign-trained nurses","TOT","Total","2015","2015",25.827,"D","Difference in methodology"
"CHE","Switzerland","SFTN","% of foreign-trained nurses","TOT","Total","2016","2016",25.897,"D","Difference in methodology"
"CHE","Switzerland","SFTN","% of foreign-trained nurses","TOT","Total","2017","2017",25.918,"D","Difference in methodology"
"CHE","Switzerland","SFTN","% of foreign-trained nurses","TOT","Total","2018","2018",24.989,"D","Difference in methodology"
"CHE","Switzerland","SFTN","% of foreign-trained nurses","TOT","Total","2019","2019",25.871,"D","Difference in methodology"
"CHE","Switzerland","SFTN","% of foreign-trained nurses","TOT","Total","2020","2020",26.019,"D","Difference in methodology"
"CHE","Switzerland","SFTN","% of foreign-trained nurses","TOT","Total","2021","2021",25.554,"D","Difference in methodology"
"GBR","United Kingdom","TNBD","Total number of doctors","TOT","Total","2014","2014",172721,,
"GBR","United Kingdom","TNBD","Total number of doctors","TOT","Total","2015","2015",166324,,
"GBR","United Kingdom","TNBD","Total number of doctors","TOT","Total","2016","2016",168801,,
"GBR","United Kingdom","TNBD","Total number of doctors","TOT","Total","2017","2017",171527,,
"GBR","United Kingdom","TNBD","Total number of doctors","TOT","Total","2018","2018",174845,,
"GBR","United Kingdom","TNBD","Total number of doctors","TOT","Total","2019","2019",191326,,
"GBR","United Kingdom","TNBD","Total number of doctors","TOT","Total","2020","2020",199415,,
"GBR","United Kingdom","TNBD","Total number of doctors","TOT","Total","2021","2021",207596,,
"GBR","United Kingdom","DTRD","Domestically-trained doctors","TOT","Total","2014","2014",117968,,
"GBR","United Kingdom","DTRD","Domestically-trained doctors","TOT","Total","2015","2015",110383,,
"GBR","United Kingdom","DTRD","Domestically-trained doctors","TOT","Total","2016","2016",113530,,
"GBR","United Kingdom","DTRD","Domestically-trained doctors","TOT","Total","2017","2017",115005,,
"GBR","United Kingdom","DTRD","Domestically-trained doctors","TOT","Total","2018","2018",115508,,
"GBR","United Kingdom","DTRD","Domestically-trained doctors","TOT","Total","2019","2019",123337,,
"GBR","United Kingdom","DTRD","Domestically-trained doctors","TOT","Total","2020","2020",127038,,
"GBR","United Kingdom","DTRD","Domestically-trained doctors","TOT","Total","2021","2021",129682,,
"GBR","United Kingdom","FTDS","Foreign-trained doctors - Stock","TOT","Total","2014","2014",49160,,
"GBR","United Kingdom","FTDS","Foreign-trained doctors - Stock","TOT","Total","2015","2015",45732,,
"GBR","United Kingdom","FTDS","Foreign-trained doctors - Stock","TOT","Total","2016","2016",47905,,
"GBR","United Kingdom","FTDS","Foreign-trained doctors - Stock","TOT","Total","2017","2017",49164,,
"GBR","United Kingdom","FTDS","Foreign-trained doctors - Stock","TOT","Total","2018","2018",51115,,
"GBR","United Kingdom","FTDS","Foreign-trained doctors - Stock","TOT","Total","2019","2019",58053,,
"GBR","United Kingdom","FTDS","Foreign-trained doctors - Stock","TOT","Total","2020","2020",61341,,
"GBR","United Kingdom","FTDS","Foreign-trained doctors - Stock","TOT","Total","2021","2021",66211,,
"GBR","United Kingdom","NFTD","of which native-born but foreign-trained (doctors)","TOT","Total","2019","2019",789,,
"GBR","United Kingdom","NFTD","of which native-born but foreign-trained (doctors)","TOT","Total","2021","2021",816,,
"GBR","United Kingdom","UUUD","Unknown place of training (doctors)","TOT","Total","2014","2014",5600,,
"GBR","United Kingdom","UUUD","Unknown place of training (doctors)","TOT","Total","2015","2015",10254,,
"GBR","United Kingdom","UUUD","Unknown place of training (doctors)","TOT","Total","2016","2016",7395,,
"GBR","United Kingdom","UUUD","Unknown place of training (doctors)","TOT","Total","2017","2017",7397,,
"GBR","United Kingdom","UUUD","Unknown place of training (doctors)","TOT","Total","2018","2018",8260,,
"GBR","United Kingdom","UUUD","Unknown place of training (doctors)","TOT","Total","2019","2019",9952,,
"GBR","United Kingdom","UUUD","Unknown place of training (doctors)","TOT","Total","2020","2020",11049,,
"GBR","United Kingdom","UUUD","Unknown place of training (doctors)","TOT","Total","2021","2021",11715,,
"GBR","United Kingdom","SFTD","% of foreign-trained doctors","TOT","Total","2014","2014",28.46,,
"GBR","United Kingdom","SFTD","% of foreign-trained doctors","TOT","Total","2015","2015",27.496,,
"GBR","United Kingdom","SFTD","% of foreign-trained doctors","TOT","Total","2016","2016",28.38,,
"GBR","United Kingdom","SFTD","% of foreign-trained doctors","TOT","Total","2017","2017",28.663,,
"GBR","United Kingdom","SFTD","% of foreign-trained doctors","TOT","Total","2018","2018",29.23,,
"GBR","United Kingdom","SFTD","% of foreign-trained doctors","TOT","Total","2019","2019",30.34,,
"GBR","United Kingdom","SFTD","% of foreign-trained doctors","TOT","Total","2020","2020",30.76,,
"GBR","United Kingdom","SFTD","% of foreign-trained doctors","TOT","Total","2021","2021",31.89,,
"GBR","United Kingdom","IFTD","Foreign-trained doctors - Annual inflow","TOT","Total","2014","2014",5939,,
"GBR","United Kingdom","IFTD","Foreign-trained doctors - Annual inflow","TOT","Total","2015","2015",4980,,
"GBR","United Kingdom","IFTD","Foreign-trained doctors - Annual inflow","TOT","Total","2016","2016",5649,,
"GBR","United Kingdom","IFTD","Foreign-trained doctors - Annual inflow","TOT","Total","2017","2017",6331,,
"GBR","United Kingdom","IFTD","Foreign-trained doctors - Annual inflow","TOT","Total","2018","2018",8170,,
"GBR","United Kingdom","IFTD","Foreign-trained doctors - Annual inflow","TOT","Total","2019","2019",11020,,
"GBR","United Kingdom","IFTD","Foreign-trained doctors - Annual inflow","TOT","Total","2020","2020",9780,,
"GBR","United Kingdom","IFTD","Foreign-trained doctors - Annual inflow","TOT","Total","2021","2021",12609,,
"GBR","United Kingdom","TNBN","Total number of nurses","TOT","Total","2014","2014",644473,,
"GBR","United Kingdom","TNBN","Total number of nurses","TOT","Total","2015","2015",650743,,
"GBR","United Kingdom","TNBN","Total number of nurses","TOT","Total","2016","2016",650638,,
"GBR","United Kingdom","TNBN","Total number of nurses","TOT","Total","2017","2017",647678,,
"GBR","United Kingdom","TNBN","Total number of nurses","TOT","Total","2018","2018",652651,,
"GBR","United Kingdom","TNBN","Total number of nurses","TOT","Total","2019","2019",660213,,
"GBR","United Kingdom","TNBN","Total number of nurses","TOT","Total","2020","2020",678040,,
"GBR","United Kingdom","TNBN","Total number of nurses","TOT","Total","2021","2021",692800,,
"GBR","United Kingdom","DTRN","Domestically-trained nurses","TOT","Total","2014","2014",555303,,
"GBR","United Kingdom","DTRN","Domestically-trained nurses","TOT","Total","2015","2015",553850,,
"GBR","United Kingdom","DTRN","Domestically-trained nurses","TOT","Total","2016","2016",547734,,
"GBR","United Kingdom","DTRN","Domestically-trained nurses","TOT","Total","2017","2017",546722,,
"GBR","United Kingdom","DTRN","Domestically-trained nurses","TOT","Total","2018","2018",550016,,
"GBR","United Kingdom","DTRN","Domestically-trained nurses","TOT","Total","2019","2019",553453,,
"GBR","United Kingdom","DTRN","Domestically-trained nurses","TOT","Total","2020","2020",561514,,
"GBR","United Kingdom","DTRN","Domestically-trained nurses","TOT","Total","2021","2021",563555,,
"GBR","United Kingdom","FTNS","Foreign-trained nurses - Stock","TOT","Total","2014","2014",82060,,
"GBR","United Kingdom","FTNS","Foreign-trained nurses - Stock","TOT","Total","2015","2015",90157,,
"GBR","United Kingdom","FTNS","Foreign-trained nurses - Stock","TOT","Total","2016","2016",96687,,
"GBR","United Kingdom","FTNS","Foreign-trained nurses - Stock","TOT","Total","2017","2017",95194,,
"GBR","United Kingdom","FTNS","Foreign-trained nurses - Stock","TOT","Total","2018","2018",97222,,
"GBR","United Kingdom","FTNS","Foreign-trained nurses - Stock","TOT","Total","2019","2019",101510,,
"GBR","United Kingdom","FTNS","Foreign-trained nurses - Stock","TOT","Total","2020","2020",111138,,
"GBR","United Kingdom","FTNS","Foreign-trained nurses - Stock","TOT","Total","2021","2021",124036,,
"GBR","United Kingdom","UUUN","Unknown place of training (nurses)","TOT","Total","2014","2014",7110,,
"GBR","United Kingdom","UUUN","Unknown place of training (nurses)","TOT","Total","2015","2015",6736,,
"GBR","United Kingdom","UUUN","Unknown place of training (nurses)","TOT","Total","2016","2016",6217,,
"GBR","United Kingdom","UUUN","Unknown place of training (nurses)","TOT","Total","2017","2017",5762,,
"GBR","United Kingdom","UUUN","Unknown place of training (nurses)","TOT","Total","2018","2018",5413,,
"GBR","United Kingdom","UUUN","Unknown place of training (nurses)","TOT","Total","2019","2019",5250,,
"GBR","United Kingdom","UUUN","Unknown place of training (nurses)","TOT","Total","2020","2020",5388,,
"GBR","United Kingdom","UUUN","Unknown place of training (nurses)","TOT","Total","2021","2021",5209,,
"GBR","United Kingdom","SFTN","% of foreign-trained nurses","TOT","Total","2014","2014",12.73,,
"GBR","United Kingdom","SFTN","% of foreign-trained nurses","TOT","Total","2015","2015",13.85,,
"GBR","United Kingdom","SFTN","% of foreign-trained nurses","TOT","Total","2016","2016",14.86,,
"GBR","United Kingdom","SFTN","% of foreign-trained nurses","TOT","Total","2017","2017",14.7,,
"GBR","United Kingdom","SFTN","% of foreign-trained nurses","TOT","Total","2018","2018",14.9,,
"GBR","United Kingdom","SFTN","% of foreign-trained nurses","TOT","Total","2019","2019",15.38,,
"GBR","United Kingdom","SFTN","% of foreign-trained nurses","TOT","Total","2020","2020",16.39,,
"GBR","United Kingdom","SFTN","% of foreign-trained nurses","TOT","Total","2021","2021",17.9,,
"GBR","United Kingdom","IFTN","Foreign-trained nurses - Annual inflow","TOT","Total","2014","2014",7412,,
"GBR","United Kingdom","IFTN","Foreign-trained nurses - Annual inflow","TOT","Total","2015","2015",10688,,
"GBR","United Kingdom","IFTN","Foreign-trained nurses - Annual inflow","TOT","Total","2016","2016",10399,,
"GBR","United Kingdom","IFTN","Foreign-trained nurses - Annual inflow","TOT","Total","2017","2017",3447,,
"GBR","United Kingdom","IFTN","Foreign-trained nurses - Annual inflow","TOT","Total","2018","2018",6009,,
"GBR","United Kingdom","IFTN","Foreign-trained nurses - Annual inflow","TOT","Total","2019","2019",10791,,
"GBR","United Kingdom","IFTN","Foreign-trained nurses - Annual inflow","TOT","Total","2020","2020",9670,,
"GBR","United Kingdom","IFTN","Foreign-trained nurses - Annual inflow","TOT","Total","2021","2021",15224,,
"AUT","Austria","NFTD","of which native-born but foreign-trained (doctors)","TOT","Total","2014","2014",230,,
"AUT","Austria","NFTD","of which native-born but foreign-trained (doctors)","TOT","Total","2015","2015",215,,
"AUT","Austria","NFTD","of which native-born but foreign-trained (doctors)","TOT","Total","2016","2016",360,,
"AUT","Austria","NFTD","of which native-born but foreign-trained (doctors)","TOT","Total","2017","2017",381,,
"AUT","Austria","NFTD","of which native-born but foreign-trained (doctors)","TOT","Total","2018","2018",399,,
"AUT","Austria","NFTD","of which native-born but foreign-trained (doctors)","TOT","Total","2019","2019",434,,
"AUT","Austria","NFTD","of which native-born but foreign-trained (doctors)","TOT","Total","2020","2020",452,,
"AUT","Austria","NFTD","of which native-born but foreign-trained (doctors)","TOT","Total","2021","2021",503,,
"FRA","France","NFTD","of which native-born but foreign-trained (doctors)","TOT","Total","2014","2014",575,,
"FRA","France","NFTD","of which native-born but foreign-trained (doctors)","TOT","Total","2015","2015",591,,
"FRA","France","NFTD","of which native-born but foreign-trained (doctors)","TOT","Total","2016","2016",615,,
"FRA","France","NFTD","of which native-born but foreign-trained (doctors)","TOT","Total","2017","2017",647,,
"FRA","France","NFTD","of which native-born but foreign-trained (doctors)","TOT","Total","2018","2018",658,,
"FRA","France","NFTD","of which native-born but foreign-trained (doctors)","TOT","Total","2019","2019",697,,
"FRA","France","NFTD","of which native-born but foreign-trained (doctors)","TOT","Total","2020","2020",753,,
"FRA","France","NFTD","of which native-born but foreign-trained (doctors)","TOT","Total","2021","2021",803,,
"NLD","Netherlands","UUUN","Unknown place of training (nurses)","TOT","Total","2014","2014",0,,
"NLD","Netherlands","UUUN","Unknown place of training (nurses)","TOT","Total","2015","2015",0,,
"NLD","Netherlands","UUUN","Unknown place of training (nurses)","TOT","Total","2016","2016",0,,
"NLD","Netherlands","UUUN","Unknown place of training (nurses)","TOT","Total","2017","2017",0,,
"NLD","Netherlands","UUUN","Unknown place of training (nurses)","TOT","Total","2018","2018",0,,
"NLD","Netherlands","UUUN","Unknown place of training (nurses)","TOT","Total","2019","2019",0,,
"NLD","Netherlands","UUUN","Unknown place of training (nurses)","TOT","Total","2020","2020",0,,
"NLD","Netherlands","UUUN","Unknown place of training (nurses)","TOT","Total","2021","2021",0,,
"NOR","Norway","IFTD","Foreign-trained doctors - Annual inflow","TOT","Total","2014","2014",1304,,
"NOR","Norway","IFTD","Foreign-trained doctors - Annual inflow","TOT","Total","2015","2015",1281,,
"NOR","Norway","IFTD","Foreign-trained doctors - Annual inflow","TOT","Total","2016","2016",1325,,
"NOR","Norway","IFTD","Foreign-trained doctors - Annual inflow","TOT","Total","2017","2017",1505,,
"NOR","Norway","IFTD","Foreign-trained doctors - Annual inflow","TOT","Total","2018","2018",1116,,
"NOR","Norway","IFTD","Foreign-trained doctors - Annual inflow","TOT","Total","2019","2019",1068,,
"NOR","Norway","IFTD","Foreign-trained doctors - Annual inflow","TOT","Total","2020","2020",1114,,
"NOR","Norway","IFTD","Foreign-trained doctors - Annual inflow","TOT","Total","2021","2021",1083,,
"NOR","Norway","IFTN","Foreign-trained nurses - Annual inflow","TOT","Total","2014","2014",2196,,
"NOR","Norway","IFTN","Foreign-trained nurses - Annual inflow","TOT","Total","2015","2015",1790,,
"NOR","Norway","IFTN","Foreign-trained nurses - Annual inflow","TOT","Total","2016","2016",1288,,
"NOR","Norway","IFTN","Foreign-trained nurses - Annual inflow","TOT","Total","2017","2017",1367,,
"NOR","Norway","IFTN","Foreign-trained nurses - Annual inflow","TOT","Total","2018","2018",1195,,
"NOR","Norway","IFTN","Foreign-trained nurses - Annual inflow","TOT","Total","2019","2019",1283,,
"NOR","Norway","IFTN","Foreign-trained nurses - Annual inflow","TOT","Total","2020","2020",1236,,
"NOR","Norway","IFTN","Foreign-trained nurses - Annual inflow","TOT","Total","2021","2021",1418,,
"GRC","Greece","TNBD","Total number of doctors","TOT","Total","2014","2014",63906,,
"GRC","Greece","TNBD","Total number of doctors","TOT","Total","2015","2015",63866,,
"GRC","Greece","TNBD","Total number of doctors","TOT","Total","2016","2016",65972,,
"GRC","Greece","TNBD","Total number of doctors","TOT","Total","2017","2017",65240,,
"GRC","Greece","TNBD","Total number of doctors","TOT","Total","2018","2018",65513,,
"GRC","Greece","TNBD","Total number of doctors","TOT","Total","2019","2019",66058,,
"GRC","Greece","TNBD","Total number of doctors","TOT","Total","2020","2020",66187,,
"GRC","Greece","TNBD","Total number of doctors","TOT","Total","2021","2021",66504,,
"GRC","Greece","TNBN","Total number of nurses","TOT","Total","2014","2014",17595,,
"GRC","Greece","TNBN","Total number of nurses","TOT","Total","2015","2015",17770,,
"GRC","Greece","DTRN","Domestically-trained nurses","TOT","Total","2014","2014",17146,,
"GRC","Greece","DTRN","Domestically-trained nurses","TOT","Total","2015","2015",17319,,
"GRC","Greece","FTNS","Foreign-trained nurses - Stock","TOT","Total","2014","2014",449,,
"GRC","Greece","FTNS","Foreign-trained nurses - Stock","TOT","Total","2015","2015",451,,
"GRC","Greece","NFTN","of which native-born but foreign-trained (nurses)","TOT","Total","2014","2014",415,,
"GRC","Greece","NFTN","of which native-born but foreign-trained (nurses)","TOT","Total","2015","2015",416,,
"GRC","Greece","SFTN","% of foreign-trained nurses","TOT","Total","2014","2014",2.552,,
"GRC","Greece","SFTN","% of foreign-trained nurses","TOT","Total","2015","2015",2.538,,
"GRC","Greece","IFTN","Foreign-trained nurses - Annual inflow","TOT","Total","2014","2014",3,,
"GRC","Greece","IFTN","Foreign-trained nurses - Annual inflow","TOT","Total","2015","2015",1,,
"CHE","Switzerland","IFTD","Foreign-trained doctors - Annual inflow","TOT","Total","2014","2014",2123,,
"CHE","Switzerland","IFTD","Foreign-trained doctors - Annual inflow","TOT","Total","2015","2015",2183,,
"CHE","Switzerland","IFTD","Foreign-trained doctors - Annual inflow","TOT","Total","2016","2016",2355,,
"CHE","Switzerland","IFTD","Foreign-trained doctors - Annual inflow","TOT","Total","2017","2017",2268,,
"CHE","Switzerland","IFTD","Foreign-trained doctors - Annual inflow","TOT","Total","2018","2018",2003,,
"CHE","Switzerland","IFTD","Foreign-trained doctors - Annual inflow","TOT","Total","2019","2019",1875,,
"CHE","Switzerland","IFTD","Foreign-trained doctors - Annual inflow","TOT","Total","2020","2020",1910,,
"CHE","Switzerland","IFTD","Foreign-trained doctors - Annual inflow","TOT","Total","2021","2021",1810,,
"CHE","Switzerland","IFTN","Foreign-trained nurses - Annual inflow","TOT","Total","2014","2014",2472,,
"CHE","Switzerland","IFTN","Foreign-trained nurses - Annual inflow","TOT","Total","2015","2015",2492,,
"CHE","Switzerland","IFTN","Foreign-trained nurses - Annual inflow","TOT","Total","2016","2016",2294,,
"CHE","Switzerland","IFTN","Foreign-trained nurses - Annual inflow","TOT","Total","2017","2017",2231,,
"CHE","Switzerland","IFTN","Foreign-trained nurses - Annual inflow","TOT","Total","2018","2018",2123,,
"CHE","Switzerland","IFTN","Foreign-trained nurses - Annual inflow","TOT","Total","2019","2019",2034,,
"CHE","Switzerland","IFTN","Foreign-trained nurses - Annual inflow","TOT","Total","2020","2020",2367,,
"CHE","Switzerland","IFTN","Foreign-trained nurses - Annual inflow","TOT","Total","2021","2021",2205,,
"HUN","Hungary","NFTD","of which native-born but foreign-trained (doctors)","TOT","Total","2015","2015",391,,
"HUN","Hungary","NFTD","of which native-born but foreign-trained (doctors)","TOT","Total","2016","2016",397,,
"HUN","Hungary","NFTD","of which native-born but foreign-trained (doctors)","TOT","Total","2017","2017",400,,
"HUN","Hungary","NFTD","of which native-born but foreign-trained (doctors)","TOT","Total","2018","2018",400,,
"HUN","Hungary","NFTD","of which native-born but foreign-trained (doctors)","TOT","Total","2019","2019",411,,
"HUN","Hungary","NFTD","of which native-born but foreign-trained (doctors)","TOT","Total","2020","2020",305,"B","Break"
"HUN","Hungary","NFTD","of which native-born but foreign-trained (doctors)","TOT","Total","2021","2021",303,,
"HUN","Hungary","NFTN","of which native-born but foreign-trained (nurses)","TOT","Total","2015","2015",18,,
"HUN","Hungary","NFTN","of which native-born but foreign-trained (nurses)","TOT","Total","2016","2016",13,,
"HUN","Hungary","NFTN","of which native-born but foreign-trained (nurses)","TOT","Total","2017","2017",17,,
"HUN","Hungary","NFTN","of which native-born but foreign-trained (nurses)","TOT","Total","2018","2018",17,,
"HUN","Hungary","NFTN","of which native-born but foreign-trained (nurses)","TOT","Total","2019","2019",17,,
"HUN","Hungary","NFTN","of which native-born but foreign-trained (nurses)","TOT","Total","2020","2020",22,,
"HUN","Hungary","NFTN","of which native-born but foreign-trained (nurses)","TOT","Total","2021","2021",30,,
"NLD","Netherlands","NFTD","of which native-born but foreign-trained (doctors)","TOT","Total","2014","2014",443,,
"NLD","Netherlands","NFTD","of which native-born but foreign-trained (doctors)","TOT","Total","2015","2015",522,,
"NLD","Netherlands","NFTD","of which native-born but foreign-trained (doctors)","TOT","Total","2016","2016",483,,
"NLD","Netherlands","NFTD","of which native-born but foreign-trained (doctors)","TOT","Total","2017","2017",585,,
"NLD","Netherlands","NFTD","of which native-born but foreign-trained (doctors)","TOT","Total","2018","2018",686,,
"NLD","Netherlands","NFTD","of which native-born but foreign-trained (doctors)","TOT","Total","2019","2019",974,,
"NLD","Netherlands","NFTD","of which native-born but foreign-trained (doctors)","TOT","Total","2020","2020",782,,
"NLD","Netherlands","NFTD","of which native-born but foreign-trained (doctors)","TOT","Total","2021","2021",791,,
"NLD","Netherlands","NFTN","of which native-born but foreign-trained (nurses)","TOT","Total","2014","2014",47,,
"NLD","Netherlands","NFTN","of which native-born but foreign-trained (nurses)","TOT","Total","2015","2015",261,,
"NLD","Netherlands","NFTN","of which native-born but foreign-trained (nurses)","TOT","Total","2016","2016",249,,
"NLD","Netherlands","NFTN","of which native-born but foreign-trained (nurses)","TOT","Total","2017","2017",492,,
"NLD","Netherlands","NFTN","of which native-born but foreign-trained (nurses)","TOT","Total","2018","2018",524,,
"NLD","Netherlands","NFTN","of which native-born but foreign-trained (nurses)","TOT","Total","2019","2019",785,,
"NLD","Netherlands","NFTN","of which native-born but foreign-trained (nurses)","TOT","Total","2020","2020",586,,
"NLD","Netherlands","NFTN","of which native-born but foreign-trained (nurses)","TOT","Total","2021","2021",638,,
"POL","Poland","IFTN","Foreign-trained nurses - Annual inflow","TOT","Total","2015","2015",14,,
"POL","Poland","IFTN","Foreign-trained nurses - Annual inflow","TOT","Total","2016","2016",21,,
"POL","Poland","IFTN","Foreign-trained nurses - Annual inflow","TOT","Total","2017","2017",15,,
"POL","Poland","IFTN","Foreign-trained nurses - Annual inflow","TOT","Total","2018","2018",31,,
"POL","Poland","IFTN","Foreign-trained nurses - Annual inflow","TOT","Total","2019","2019",53,,
"POL","Poland","IFTN","Foreign-trained nurses - Annual inflow","TOT","Total","2020","2020",16,,
"POL","Poland","IFTN","Foreign-trained nurses - Annual inflow","TOT","Total","2021","2021",175,,
"ISL","Iceland","IFTN","Foreign-trained nurses - Annual inflow","TOT","Total","2017","2017",22,,
"ISL","Iceland","IFTN","Foreign-trained nurses - Annual inflow","TOT","Total","2018","2018",65,,
"ISL","Iceland","IFTN","Foreign-trained nurses - Annual inflow","TOT","Total","2019","2019",76,,
"ISL","Iceland","IFTN","Foreign-trained nurses - Annual inflow","TOT","Total","2020","2020",53,,
"ISL","Iceland","IFTN","Foreign-trained nurses - Annual inflow","TOT","Total","2021","2021",35,,
"CHE","Switzerland","NFTN","of which native-born but foreign-trained (nurses)","TOT","Total","2014","2014",1486,"D","Difference in methodology"
"CHE","Switzerland","NFTN","of which native-born but foreign-trained (nurses)","TOT","Total","2015","2015",1389,"D","Difference in methodology"
"CHE","Switzerland","NFTN","of which native-born but foreign-trained (nurses)","TOT","Total","2016","2016",1381,"D","Difference in methodology"
"CHE","Switzerland","NFTN","of which native-born but foreign-trained (nurses)","TOT","Total","2017","2017",1387,"D","Difference in methodology"
"CHE","Switzerland","NFTN","of which native-born but foreign-trained (nurses)","TOT","Total","2018","2018",1520,"D","Difference in methodology"
"CHE","Switzerland","NFTN","of which native-born but foreign-trained (nurses)","TOT","Total","2019","2019",1823,"D","Difference in methodology"
"CHE","Switzerland","NFTN","of which native-born but foreign-trained (nurses)","TOT","Total","2020","2020",1846,"D","Difference in methodology"
"CHE","Switzerland","NFTN","of which native-born but foreign-trained (nurses)","TOT","Total","2021","2021",1967,"D","Difference in methodology"
"ISL","Iceland","IFTD","Foreign-trained doctors - Annual inflow","TOT","Total","2017","2017",33,,
"ISL","Iceland","IFTD","Foreign-trained doctors - Annual inflow","TOT","Total","2018","2018",43,,
"ISL","Iceland","IFTD","Foreign-trained doctors - Annual inflow","TOT","Total","2019","2019",61,,
"ISL","Iceland","IFTD","Foreign-trained doctors - Annual inflow","TOT","Total","2020","2020",67,,
"ISL","Iceland","IFTD","Foreign-trained doctors - Annual inflow","TOT","Total","2021","2021",53,,
"GRC","Greece","FTDS","Foreign-trained doctors - Stock","TOT","Total","2014","2014",7889,"D","Difference in methodology"
"GRC","Greece","FTDS","Foreign-trained doctors - Stock","TOT","Total","2015","2015",7754,"D","Difference in methodology"
"GRC","Greece","FTDS","Foreign-trained doctors - Stock","TOT","Total","2016","2016",7728,"D","Difference in methodology"
"GRC","Greece","FTDS","Foreign-trained doctors - Stock","TOT","Total","2017","2017",8367,"D","Difference in methodology"
"GRC","Greece","FTDS","Foreign-trained doctors - Stock","TOT","Total","2018","2018",9969,"D","Difference in methodology"
"GRC","Greece","FTDS","Foreign-trained doctors - Stock","TOT","Total","2019","2019",11332,"D","Difference in methodology"
"GRC","Greece","FTDS","Foreign-trained doctors - Stock","TOT","Total","2020","2020",12685,"D","Difference in methodology"
"GRC","Greece","FTDS","Foreign-trained doctors - Stock","TOT","Total","2021","2021",12523,"D","Difference in methodology"
"GRC","Greece","NFTD","of which native-born but foreign-trained (doctors)","TOT","Total","2014","2014",7577,"D","Difference in methodology"
"GRC","Greece","NFTD","of which native-born but foreign-trained (doctors)","TOT","Total","2015","2015",7423,"D","Difference in methodology"
"GRC","Greece","NFTD","of which native-born but foreign-trained (doctors)","TOT","Total","2016","2016",7402,"D","Difference in methodology"
"GRC","Greece","NFTD","of which native-born but foreign-trained (doctors)","TOT","Total","2017","2017",7832,"D","Difference in methodology"
"GRC","Greece","NFTD","of which native-born but foreign-trained (doctors)","TOT","Total","2018","2018",7673,"D","Difference in methodology"
"GRC","Greece","NFTD","of which native-born but foreign-trained (doctors)","TOT","Total","2019","2019",7715,"D","Difference in methodology"
"GRC","Greece","NFTD","of which native-born but foreign-trained (doctors)","TOT","Total","2020","2020",8424,"D","Difference in methodology"
"GRC","Greece","NFTD","of which native-born but foreign-trained (doctors)","TOT","Total","2021","2021",9446,"D","Difference in methodology"
"GRC","Greece","IFTD","Foreign-trained doctors - Annual inflow","TOT","Total","2014","2014",78,,
"GRC","Greece","IFTD","Foreign-trained doctors - Annual inflow","TOT","Total","2015","2015",79,,
"GRC","Greece","IFTD","Foreign-trained doctors - Annual inflow","TOT","Total","2016","2016",98,,
"GRC","Greece","IFTD","Foreign-trained doctors - Annual inflow","TOT","Total","2017","2017",161,,
"GRC","Greece","IFTD","Foreign-trained doctors - Annual inflow","TOT","Total","2018","2018",208,,
"GRC","Greece","IFTD","Foreign-trained doctors - Annual inflow","TOT","Total","2019","2019",459,,
"GRC","Greece","IFTD","Foreign-trained doctors - Annual inflow","TOT","Total","2020","2020",691,,
"GRC","Greece","IFTD","Foreign-trained doctors - Annual inflow","TOT","Total","2021","2021",662,,
"GRC","Greece","DTRD","Domestically-trained doctors","TOT","Total","2014","2014",29032,"D","Difference in methodology"
"GRC","Greece","DTRD","Domestically-trained doctors","TOT","Total","2015","2015",28685,"D","Difference in methodology"
"GRC","Greece","DTRD","Domestically-trained doctors","TOT","Total","2016","2016",30668,"D","Difference in methodology"
"GRC","Greece","DTRD","Domestically-trained doctors","TOT","Total","2017","2017",33626,"D","Difference in methodology"
"GRC","Greece","DTRD","Domestically-trained doctors","TOT","Total","2018","2018",32470,"D","Difference in methodology"
"GRC","Greece","DTRD","Domestically-trained doctors","TOT","Total","2019","2019",31466,"D","Difference in methodology"
"GRC","Greece","DTRD","Domestically-trained doctors","TOT","Total","2020","2020",31938,"D","Difference in methodology"
"GRC","Greece","DTRD","Domestically-trained doctors","TOT","Total","2021","2021",25039,"D","Difference in methodology"
"GRC","Greece","UUUD","Unknown place of training (doctors)","TOT","Total","2014","2014",454,"D","Difference in methodology"
"GRC","Greece","UUUD","Unknown place of training (doctors)","TOT","Total","2015","2015",433,"D","Difference in methodology"
"GRC","Greece","UUUD","Unknown place of training (doctors)","TOT","Total","2016","2016",431,"D","Difference in methodology"
"GRC","Greece","UUUD","Unknown place of training (doctors)","TOT","Total","2017","2017",432,"D","Difference in methodology"
"GRC","Greece","UUUD","Unknown place of training (doctors)","TOT","Total","2018","2018",422,"D","Difference in methodology"
"GRC","Greece","UUUD","Unknown place of training (doctors)","TOT","Total","2019","2019",256,"D","Difference in methodology"
"GRC","Greece","UUUD","Unknown place of training (doctors)","TOT","Total","2020","2020",348,"D","Difference in methodology"
"GRC","Greece","UUUD","Unknown place of training (doctors)","TOT","Total","2021","2021",359,"D","Difference in methodology"
"AUT","Austria","SFTN","% of foreign-trained nurses","TOT","Total","2019","2019",12.28,,
"AUT","Austria","SFTN","% of foreign-trained nurses","TOT","Total","2020","2020",12.34,,
"AUT","Austria","SFTN","% of foreign-trained nurses","TOT","Total","2021","2021",13.19,,
"AUT","Austria","FTNS","Foreign-trained nurses - Stock","TOT","Total","2019","2019",12177,,
"AUT","Austria","FTNS","Foreign-trained nurses - Stock","TOT","Total","2020","2020",12662,,
"AUT","Austria","FTNS","Foreign-trained nurses - Stock","TOT","Total","2021","2021",13968,,
"CRI","Costa Rica","IFTN","Foreign-trained nurses - Annual inflow","TOT","Total","2014","2014",7,,
"CRI","Costa Rica","IFTN","Foreign-trained nurses - Annual inflow","TOT","Total","2015","2015",4,,
"CRI","Costa Rica","IFTN","Foreign-trained nurses - Annual inflow","TOT","Total","2016","2016",1,,
"CRI","Costa Rica","IFTN","Foreign-trained nurses - Annual inflow","TOT","Total","2017","2017",3,,
"CRI","Costa Rica","IFTN","Foreign-trained nurses - Annual inflow","TOT","Total","2018","2018",7,,
"CRI","Costa Rica","IFTN","Foreign-trained nurses - Annual inflow","TOT","Total","2019","2019",3,,
"CRI","Costa Rica","IFTN","Foreign-trained nurses - Annual inflow","TOT","Total","2020","2020",1,,
"CRI","Costa Rica","IFTN","Foreign-trained nurses - Annual inflow","TOT","Total","2021","2021",3,,
"AUT","Austria","TNBN","Total number of nurses","TOT","Total","2019","2019",99131,,
"AUT","Austria","TNBN","Total number of nurses","TOT","Total","2020","2020",102648,,
"AUT","Austria","TNBN","Total number of nurses","TOT","Total","2021","2021",105937,,
"FIN","Finland","NFTN","of which native-born but foreign-trained (nurses)","TOT","Total","2014","2014",459,,
"FIN","Finland","NFTN","of which native-born but foreign-trained (nurses)","TOT","Total","2015","2015",462,,
"FIN","Finland","NFTN","of which native-born but foreign-trained (nurses)","TOT","Total","2016","2016",469,,
"FIN","Finland","NFTN","of which native-born but foreign-trained (nurses)","TOT","Total","2017","2017",477,,
"FIN","Finland","NFTN","of which native-born but foreign-trained (nurses)","TOT","Total","2018","2018",479,,
"FIN","Finland","NFTN","of which native-born but foreign-trained (nurses)","TOT","Total","2019","2019",493,,
"FIN","Finland","NFTN","of which native-born but foreign-trained (nurses)","TOT","Total","2020","2020",504,,
"FIN","Finland","NFTN","of which native-born but foreign-trained (nurses)","TOT","Total","2021","2021",508,,
"CRI","Costa Rica","IFTD","Foreign-trained doctors - Annual inflow","TOT","Total","2014","2014",62,,
"CRI","Costa Rica","IFTD","Foreign-trained doctors - Annual inflow","TOT","Total","2015","2015",34,,
"CRI","Costa Rica","IFTD","Foreign-trained doctors - Annual inflow","TOT","Total","2016","2016",72,,
"CRI","Costa Rica","IFTD","Foreign-trained doctors - Annual inflow","TOT","Total","2017","2017",48,,
"CRI","Costa Rica","IFTD","Foreign-trained doctors - Annual inflow","TOT","Total","2018","2018",19,,
"CRI","Costa Rica","IFTD","Foreign-trained doctors - Annual inflow","TOT","Total","2019","2019",5,,
"CRI","Costa Rica","IFTD","Foreign-trained doctors - Annual inflow","TOT","Total","2020","2020",7,,
"FIN","Finland","UUUN","Unknown place of training (nurses)","TOT","Total","2014","2014",42,,
"FIN","Finland","UUUN","Unknown place of training (nurses)","TOT","Total","2015","2015",41,,
"FIN","Finland","UUUN","Unknown place of training (nurses)","TOT","Total","2016","2016",41,,
"FIN","Finland","UUUN","Unknown place of training (nurses)","TOT","Total","2017","2017",40,,
"FIN","Finland","UUUN","Unknown place of training (nurses)","TOT","Total","2018","2018",39,,
"FIN","Finland","UUUN","Unknown place of training (nurses)","TOT","Total","2019","2019",38,,
"FIN","Finland","UUUN","Unknown place of training (nurses)","TOT","Total","2020","2020",37,,
"FIN","Finland","UUUN","Unknown place of training (nurses)","TOT","Total","2021","2021",36,,
"FIN","Finland","NFTD","of which native-born but foreign-trained (doctors)","TOT","Total","2014","2014",1363,,
"FIN","Finland","NFTD","of which native-born but foreign-trained (doctors)","TOT","Total","2015","2015",1418,,
"FIN","Finland","NFTD","of which native-born but foreign-trained (doctors)","TOT","Total","2016","2016",1456,,
"FIN","Finland","NFTD","of which native-born but foreign-trained (doctors)","TOT","Total","2017","2017",1517,,
"FIN","Finland","NFTD","of which native-born but foreign-trained (doctors)","TOT","Total","2018","2018",1557,,
"FIN","Finland","NFTD","of which native-born but foreign-trained (doctors)","TOT","Total","2019","2019",1625,,
"FIN","Finland","NFTD","of which native-born but foreign-trained (doctors)","TOT","Total","2020","2020",1712,,
"FIN","Finland","NFTD","of which native-born but foreign-trained (doctors)","TOT","Total","2021","2021",1824,,
"FIN","Finland","UUUD","Unknown place of training (doctors)","TOT","Total","2014","2014",106,,
"FIN","Finland","UUUD","Unknown place of training (doctors)","TOT","Total","2015","2015",96,,
"FIN","Finland","UUUD","Unknown place of training (doctors)","TOT","Total","2016","2016",81,,
"FIN","Finland","UUUD","Unknown place of training (doctors)","TOT","Total","2017","2017",70,,
"FIN","Finland","UUUD","Unknown place of training (doctors)","TOT","Total","2018","2018",52,,
"FIN","Finland","UUUD","Unknown place of training (doctors)","TOT","Total","2019","2019",37,,
"FIN","Finland","UUUD","Unknown place of training (doctors)","TOT","Total","2020","2020",30,,
"FIN","Finland","UUUD","Unknown place of training (doctors)","TOT","Total","2021","2021",21,,
"AUT","Austria","UUUN","Unknown place of training (nurses)","TOT","Total","2019","2019",116,,
"AUT","Austria","UUUN","Unknown place of training (nurses)","TOT","Total","2020","2020",0,,
"AUT","Austria","UUUN","Unknown place of training (nurses)","TOT","Total","2021","2021",1,,
"AUT","Austria","DTRN","Domestically-trained nurses","TOT","Total","2019","2019",86838,,
"AUT","Austria","DTRN","Domestically-trained nurses","TOT","Total","2020","2020",89986,,
"AUT","Austria","DTRN","Domestically-trained nurses","TOT","Total","2021","2021",91968,,
"FRA","France","NFTN","of which native-born but foreign-trained (nurses)","TOT","Total","2014","2014",9561,,
"FRA","France","NFTN","of which native-born but foreign-trained (nurses)","TOT","Total","2015","2015",10126,,
"FRA","France","NFTN","of which native-born but foreign-trained (nurses)","TOT","Total","2016","2016",10591,,
"FRA","France","NFTN","of which native-born but foreign-trained (nurses)","TOT","Total","2017","2017",10988,,
"FRA","France","NFTN","of which native-born but foreign-trained (nurses)","TOT","Total","2018","2018",11428,,
"FRA","France","NFTN","of which native-born but foreign-trained (nurses)","TOT","Total","2019","2019",11712,,
"FRA","France","NFTN","of which native-born but foreign-trained (nurses)","TOT","Total","2020","2020",11987,,
"FRA","France","NFTN","of which native-born but foreign-trained (nurses)","TOT","Total","2021","2021",12471,,
