"VAR","Variable","UNIT","Measure","COU","Country","YEA","Year","Value","Flag Codes","Flags"
"DEMOFEMP","Female population, incl. France Metropolitan + D.O.M. (overseas departments)","EFFPEREF","Thousands of persons","AUT","Austria","2014","2014",4368.5,,
"DEMOFEMP","Female population, incl. France Metropolitan + D.O.M. (overseas departments)","EFFPEREF","Thousands of persons","AUT","Austria","2015","2015",4406.2,,
"DEMOFEMP","Female population, incl. France Metropolitan + D.O.M. (overseas departments)","EFFPEREF","Thousands of persons","AUT","Austria","2016","2016",4444.2,,
"DEMOFEMP","Female population, incl. France Metropolitan + D.O.M. (overseas departments)","EFFPEREF","Thousands of persons","AUT","Austria","2017","2017",4472.1,,
"DEMOFEMP","Female population, incl. France Metropolitan + D.O.M. (overseas departments)","EFFPEREF","Thousands of persons","AUT","Austria","2018","2018",4492.7,,
"DEMOFEMP","Female population, incl. France Metropolitan + D.O.M. (overseas departments)","EFFPEREF","Thousands of persons","AUT","Austria","2019","2019",4512,,
"DEMOFEMP","Female population, incl. France Metropolitan + D.O.M. (overseas departments)","EFFPEREF","Thousands of persons","AUT","Austria","2020","2020",4529,,
"DEMOFEMP","Female population, incl. France Metropolitan + D.O.M. (overseas departments)","EFFPEREF","Thousands of persons","AUT","Austria","2021","2021",4544.6,,
"DEMOMALP","Male population, incl. France Metropolitan + D.O.M. (overseas departments)","EFFPEREF","Thousands of persons","AUT","Austria","2014","2014",4177.9,,
"DEMOMALP","Male population, incl. France Metropolitan + D.O.M. (overseas departments)","EFFPEREF","Thousands of persons","AUT","Austria","2015","2015",4236.5,,
"DEMOMALP","Male population, incl. France Metropolitan + D.O.M. (overseas departments)","EFFPEREF","Thousands of persons","AUT","Austria","2016","2016",4292.5,,
"DEMOMALP","Male population, incl. France Metropolitan + D.O.M. (overseas departments)","EFFPEREF","Thousands of persons","AUT","Austria","2017","2017",4325.5,,
"DEMOMALP","Male population, incl. France Metropolitan + D.O.M. (overseas departments)","EFFPEREF","Thousands of persons","AUT","Austria","2018","2018",4347.8,,
"DEMOMALP","Male population, incl. France Metropolitan + D.O.M. (overseas departments)","EFFPEREF","Thousands of persons","AUT","Austria","2019","2019",4367.9,,
"DEMOMALP","Male population, incl. France Metropolitan + D.O.M. (overseas departments)","EFFPEREF","Thousands of persons","AUT","Austria","2020","2020",4387.9,,
"DEMOMALP","Male population, incl. France Metropolitan + D.O.M. (overseas departments)","EFFPEREF","Thousands of persons","AUT","Austria","2021","2021",4411.2,,
"STRUSFPL","Population: 65 years old and over","EFFPEREF","Thousands of persons","AUT","Austria","2014","2014",1556.7,,
"STRUSFPL","Population: 65 years old and over","EFFPEREF","Thousands of persons","AUT","Austria","2015","2015",1583.9,,
"STRUSFPL","Population: 65 years old and over","EFFPEREF","Thousands of persons","AUT","Austria","2016","2016",1605,,
"STRUSFPL","Population: 65 years old and over","EFFPEREF","Thousands of persons","AUT","Austria","2017","2017",1625.5,,
"STRUSFPL","Population: 65 years old and over","EFFPEREF","Thousands of persons","AUT","Austria","2018","2018",1647,,
"STRUSFPL","Population: 65 years old and over","EFFPEREF","Thousands of persons","AUT","Austria","2019","2019",1668.6,,
"STRUSFPL","Population: 65 years old and over","EFFPEREF","Thousands of persons","AUT","Austria","2020","2020",1693.6,,
"STRUSFPL","Population: 65 years old and over","EFFPEREF","Thousands of persons","AUT","Austria","2021","2021",1716.3,,
"STRUPP80","Population: 80 years old and over","EFFPEREF","Thousands of persons","AUT","Austria","2014","2014",426.2,,
"STRUPP80","Population: 80 years old and over","EFFPEREF","Thousands of persons","AUT","Austria","2015","2015",429.8,,
"STRUPP80","Population: 80 years old and over","EFFPEREF","Thousands of persons","AUT","Austria","2016","2016",430.1,,
"STRUPP80","Population: 80 years old and over","EFFPEREF","Thousands of persons","AUT","Austria","2017","2017",433.5,,
"STRUPP80","Population: 80 years old and over","EFFPEREF","Thousands of persons","AUT","Austria","2018","2018",435.4,,
"STRUPP80","Population: 80 years old and over","EFFPEREF","Thousands of persons","AUT","Austria","2019","2019",442.5,,
"STRUPP80","Population: 80 years old and over","EFFPEREF","Thousands of persons","AUT","Austria","2020","2020",474,,
"STRUPP80","Population: 80 years old and over","EFFPEREF","Thousands of persons","AUT","Austria","2021","2021",502.1,,
"JOBSCIVL","Total civilian employment","EFFPEREF","Thousands of persons","AUT","Austria","2014","2014",4259.9,,
"JOBSCIVL","Total civilian employment","EFFPEREF","Thousands of persons","AUT","Austria","2015","2015",4285.5,,
"JOBSCIVL","Total civilian employment","EFFPEREF","Thousands of persons","AUT","Austria","2016","2016",4341.3,,
"JOBSCIVL","Total civilian employment","EFFPEREF","Thousands of persons","AUT","Austria","2017","2017",4412.6,,
"JOBSCIVL","Total civilian employment","EFFPEREF","Thousands of persons","AUT","Austria","2018","2018",4487.1,,
"JOBSCIVL","Total civilian employment","EFFPEREF","Thousands of persons","AUT","Austria","2019","2019",4535.1,,
"JOBSCIVL","Total civilian employment","EFFPEREF","Thousands of persons","AUT","Austria","2020","2020",4460.9,,
"JOBSCIVL","Total civilian employment","EFFPEREF","Thousands of persons","AUT","Austria","2021","2021",4551,,
"DEMOFEMP","Female population, incl. France Metropolitan + D.O.M. (overseas departments)","EFFPEREF","Thousands of persons","FIN","Finland","2014","2014",2775.4,,
"DEMOFEMP","Female population, incl. France Metropolitan + D.O.M. (overseas departments)","EFFPEREF","Thousands of persons","FIN","Finland","2015","2015",2782.9,,
"DEMOFEMP","Female population, incl. France Metropolitan + D.O.M. (overseas departments)","EFFPEREF","Thousands of persons","FIN","Finland","2016","2016",2788.4,,
"DEMOFEMP","Female population, incl. France Metropolitan + D.O.M. (overseas departments)","EFFPEREF","Thousands of persons","FIN","Finland","2017","2017",2792.5,,
"DEMOFEMP","Female population, incl. France Metropolitan + D.O.M. (overseas departments)","EFFPEREF","Thousands of persons","FIN","Finland","2018","2018",2794.3,,
"DEMOFEMP","Female population, incl. France Metropolitan + D.O.M. (overseas departments)","EFFPEREF","Thousands of persons","FIN","Finland","2019","2019",2795.8,,
"DEMOFEMP","Female population, incl. France Metropolitan + D.O.M. (overseas departments)","EFFPEREF","Thousands of persons","FIN","Finland","2020","2020",2798.5,,
"DEMOFEMP","Female population, incl. France Metropolitan + D.O.M. (overseas departments)","EFFPEREF","Thousands of persons","FIN","Finland","2021","2021",2802.6,,
"DEMOMALP","Male population, incl. France Metropolitan + D.O.M. (overseas departments)","EFFPEREF","Thousands of persons","FIN","Finland","2014","2014",2686.1,,
"DEMOMALP","Male population, incl. France Metropolitan + D.O.M. (overseas departments)","EFFPEREF","Thousands of persons","FIN","Finland","2015","2015",2696.7,,
"DEMOMALP","Male population, incl. France Metropolitan + D.O.M. (overseas departments)","EFFPEREF","Thousands of persons","FIN","Finland","2016","2016",2706.9,,
"DEMOMALP","Male population, incl. France Metropolitan + D.O.M. (overseas departments)","EFFPEREF","Thousands of persons","FIN","Finland","2017","2017",2715.7,,
"DEMOMALP","Male population, incl. France Metropolitan + D.O.M. (overseas departments)","EFFPEREF","Thousands of persons","FIN","Finland","2018","2018",2721.2,,
"DEMOMALP","Male population, incl. France Metropolitan + D.O.M. (overseas departments)","EFFPEREF","Thousands of persons","FIN","Finland","2019","2019",2725.8,,
"DEMOMALP","Male population, incl. France Metropolitan + D.O.M. (overseas departments)","EFFPEREF","Thousands of persons","FIN","Finland","2020","2020",2731,,
"DEMOMALP","Male population, incl. France Metropolitan + D.O.M. (overseas departments)","EFFPEREF","Thousands of persons","FIN","Finland","2021","2021",2738.5,,
"STRUSFPL","Population: 65 years old and over","EFFPEREF","Thousands of persons","FIN","Finland","2014","2014",1056.5,,
"STRUSFPL","Population: 65 years old and over","EFFPEREF","Thousands of persons","FIN","Finland","2015","2015",1091.4,,
"STRUSFPL","Population: 65 years old and over","EFFPEREF","Thousands of persons","FIN","Finland","2016","2016",1123.1,,
"STRUSFPL","Population: 65 years old and over","EFFPEREF","Thousands of persons","FIN","Finland","2017","2017",1150,,
"STRUSFPL","Population: 65 years old and over","EFFPEREF","Thousands of persons","FIN","Finland","2018","2018",1179.3,,
"STRUSFPL","Population: 65 years old and over","EFFPEREF","Thousands of persons","FIN","Finland","2019","2019",1204.8,,
"STRUSFPL","Population: 65 years old and over","EFFPEREF","Thousands of persons","FIN","Finland","2020","2020",1231.3,,
"STRUSFPL","Population: 65 years old and over","EFFPEREF","Thousands of persons","FIN","Finland","2021","2021",1255.9,,
"STRUPP80","Population: 80 years old and over","EFFPEREF","Thousands of persons","FIN","Finland","2014","2014",272.8,,
"STRUPP80","Population: 80 years old and over","EFFPEREF","Thousands of persons","FIN","Finland","2015","2015",277.5,,
"STRUPP80","Population: 80 years old and over","EFFPEREF","Thousands of persons","FIN","Finland","2016","2016",283.5,,
"STRUPP80","Population: 80 years old and over","EFFPEREF","Thousands of persons","FIN","Finland","2017","2017",288.1,,
"STRUPP80","Population: 80 years old and over","EFFPEREF","Thousands of persons","FIN","Finland","2018","2018",294.7,,
"STRUPP80","Population: 80 years old and over","EFFPEREF","Thousands of persons","FIN","Finland","2019","2019",302.7,,
"STRUPP80","Population: 80 years old and over","EFFPEREF","Thousands of persons","FIN","Finland","2020","2020",312.4,,
"STRUPP80","Population: 80 years old and over","EFFPEREF","Thousands of persons","FIN","Finland","2021","2021",315.4,,
"JOBSCIVL","Total civilian employment","EFFPEREF","Thousands of persons","FIN","Finland","2014","2014",2525.7,,
"JOBSCIVL","Total civilian employment","EFFPEREF","Thousands of persons","FIN","Finland","2015","2015",2523.8,,
"JOBSCIVL","Total civilian employment","EFFPEREF","Thousands of persons","FIN","Finland","2016","2016",2535.2,,
"JOBSCIVL","Total civilian employment","EFFPEREF","Thousands of persons","FIN","Finland","2017","2017",2561.8,,
"JOBSCIVL","Total civilian employment","EFFPEREF","Thousands of persons","FIN","Finland","2018","2018",2626.1,,
"JOBSCIVL","Total civilian employment","EFFPEREF","Thousands of persons","FIN","Finland","2019","2019",2674.3,,
"JOBSCIVL","Total civilian employment","EFFPEREF","Thousands of persons","FIN","Finland","2020","2020",2623.8,,
"JOBSCIVL","Total civilian employment","EFFPEREF","Thousands of persons","FIN","Finland","2021","2021",2695.2,,
"DEMOFEMP","Female population, incl. France Metropolitan + D.O.M. (overseas departments)","EFFPEREF","Thousands of persons","FRA","France","2014","2014",34202.4,,
"DEMOFEMP","Female population, incl. France Metropolitan + D.O.M. (overseas departments)","EFFPEREF","Thousands of persons","FRA","France","2015","2015",34337.5,,
"DEMOFEMP","Female population, incl. France Metropolitan + D.O.M. (overseas departments)","EFFPEREF","Thousands of persons","FRA","France","2016","2016",34443.2,,
"DEMOFEMP","Female population, incl. France Metropolitan + D.O.M. (overseas departments)","EFFPEREF","Thousands of persons","FRA","France","2017","2017",34553.7,,
"DEMOFEMP","Female population, incl. France Metropolitan + D.O.M. (overseas departments)","EFFPEREF","Thousands of persons","FRA","France","2018","2018",34675.6,,
"DEMOFEMP","Female population, incl. France Metropolitan + D.O.M. (overseas departments)","EFFPEREF","Thousands of persons","FRA","France","2019","2019",34791.7,,
"DEMOFEMP","Female population, incl. France Metropolitan + D.O.M. (overseas departments)","EFFPEREF","Thousands of persons","FRA","France","2020","2020",34891.8,,
"DEMOFEMP","Female population, incl. France Metropolitan + D.O.M. (overseas departments)","EFFPEREF","Thousands of persons","FRA","France","2021","2021",34987.6,,
"DEMOMALP","Male population, incl. France Metropolitan + D.O.M. (overseas departments)","EFFPEREF","Thousands of persons","FRA","France","2014","2014",32109.7,,
"DEMOMALP","Male population, incl. France Metropolitan + D.O.M. (overseas departments)","EFFPEREF","Thousands of persons","FRA","France","2015","2015",32210.8,,
"DEMOMALP","Male population, incl. France Metropolitan + D.O.M. (overseas departments)","EFFPEREF","Thousands of persons","FRA","France","2016","2016",32280.9,,
"DEMOMALP","Male population, incl. France Metropolitan + D.O.M. (overseas departments)","EFFPEREF","Thousands of persons","FRA","France","2017","2017",32364.3,,
"DEMOMALP","Male population, incl. France Metropolitan + D.O.M. (overseas departments)","EFFPEREF","Thousands of persons","FRA","France","2018","2018",32482.8,,
"DEMOMALP","Male population, incl. France Metropolitan + D.O.M. (overseas departments)","EFFPEREF","Thousands of persons","FRA","France","2019","2019",32596.3,,
"DEMOMALP","Male population, incl. France Metropolitan + D.O.M. (overseas departments)","EFFPEREF","Thousands of persons","FRA","France","2020","2020",32679.3,,
"DEMOMALP","Male population, incl. France Metropolitan + D.O.M. (overseas departments)","EFFPEREF","Thousands of persons","FRA","France","2021","2021",32776.7,,
"STRUSFPL","Population: 65 years old and over","EFFPEREF","Thousands of persons","FRA","France","2014","2014",11885.4,,
"STRUSFPL","Population: 65 years old and over","EFFPEREF","Thousands of persons","FRA","France","2015","2015",12234.3,,
"STRUSFPL","Population: 65 years old and over","EFFPEREF","Thousands of persons","FRA","France","2016","2016",12566.8,,
"STRUSFPL","Population: 65 years old and over","EFFPEREF","Thousands of persons","FRA","France","2017","2017",12887.8,,
"STRUSFPL","Population: 65 years old and over","EFFPEREF","Thousands of persons","FRA","France","2018","2018",13173.5,,
"STRUSFPL","Population: 65 years old and over","EFFPEREF","Thousands of persons","FRA","France","2019","2019",13454.5,,
"STRUSFPL","Population: 65 years old and over","EFFPEREF","Thousands of persons","FRA","France","2020","2020",13740.7,,
"STRUSFPL","Population: 65 years old and over","EFFPEREF","Thousands of persons","FRA","France","2021","2021",13999.4,,
"STRUPP80","Population: 80 years old and over","EFFPEREF","Thousands of persons","FRA","France","2014","2014",3766.7,,
"STRUPP80","Population: 80 years old and over","EFFPEREF","Thousands of persons","FRA","France","2015","2015",3857,,
"STRUPP80","Population: 80 years old and over","EFFPEREF","Thousands of persons","FRA","France","2016","2016",3910.3,,
"STRUPP80","Population: 80 years old and over","EFFPEREF","Thousands of persons","FRA","France","2017","2017",4004.3,,
"STRUPP80","Population: 80 years old and over","EFFPEREF","Thousands of persons","FRA","France","2018","2018",4041.2,,
"STRUPP80","Population: 80 years old and over","EFFPEREF","Thousands of persons","FRA","France","2019","2019",4092.8,,
"STRUPP80","Population: 80 years old and over","EFFPEREF","Thousands of persons","FRA","France","2020","2020",4144.8,,
"STRUPP80","Population: 80 years old and over","EFFPEREF","Thousands of persons","FRA","France","2021","2021",4138.9,,
"JOBSCIVL","Total civilian employment","EFFPEREF","Thousands of persons","FRA","France","2014","2014",27334,,
"JOBSCIVL","Total civilian employment","EFFPEREF","Thousands of persons","FRA","France","2015","2015",27391,,
"JOBSCIVL","Total civilian employment","EFFPEREF","Thousands of persons","FRA","France","2016","2016",27567,,
"JOBSCIVL","Total civilian employment","EFFPEREF","Thousands of persons","FRA","France","2017","2017",27881,,
"JOBSCIVL","Total civilian employment","EFFPEREF","Thousands of persons","FRA","France","2018","2018",28158,,
"JOBSCIVL","Total civilian employment","EFFPEREF","Thousands of persons","FRA","France","2019","2019",28495,"P","Provisional value"
"JOBSCIVL","Total civilian employment","EFFPEREF","Thousands of persons","FRA","France","2020","2020",28298,"P","Provisional value"
"JOBSCIVL","Total civilian employment","EFFPEREF","Thousands of persons","FRA","France","2021","2021",29007,,
"DEMOFEMP","Female population, incl. France Metropolitan + D.O.M. (overseas departments)","EFFPEREF","Thousands of persons","GRC","Greece","2014","2014",5601.6,,
"DEMOFEMP","Female population, incl. France Metropolitan + D.O.M. (overseas departments)","EFFPEREF","Thousands of persons","GRC","Greece","2015","2015",5574.6,,
"DEMOFEMP","Female population, incl. France Metropolitan + D.O.M. (overseas departments)","EFFPEREF","Thousands of persons","GRC","Greece","2016","2016",5553.2,,
"DEMOFEMP","Female population, incl. France Metropolitan + D.O.M. (overseas departments)","EFFPEREF","Thousands of persons","GRC","Greece","2017","2017",5539,,
"DEMOFEMP","Female population, incl. France Metropolitan + D.O.M. (overseas departments)","EFFPEREF","Thousands of persons","GRC","Greece","2018","2018",5523.7,,
"DEMOFEMP","Female population, incl. France Metropolitan + D.O.M. (overseas departments)","EFFPEREF","Thousands of persons","GRC","Greece","2019","2019",5509.7,,
"DEMOFEMP","Female population, incl. France Metropolitan + D.O.M. (overseas departments)","EFFPEREF","Thousands of persons","GRC","Greece","2020","2020",5492.8,,
"DEMOFEMP","Female population, incl. France Metropolitan + D.O.M. (overseas departments)","EFFPEREF","Thousands of persons","GRC","Greece","2021","2021",5413.8,,
"DEMOMALP","Male population, incl. France Metropolitan + D.O.M. (overseas departments)","EFFPEREF","Thousands of persons","GRC","Greece","2014","2014",5290.8,,
"DEMOMALP","Male population, incl. France Metropolitan + D.O.M. (overseas departments)","EFFPEREF","Thousands of persons","GRC","Greece","2015","2015",5246.3,,
"DEMOMALP","Male population, incl. France Metropolitan + D.O.M. (overseas departments)","EFFPEREF","Thousands of persons","GRC","Greece","2016","2016",5222.7,,
"DEMOMALP","Male population, incl. France Metropolitan + D.O.M. (overseas departments)","EFFPEREF","Thousands of persons","GRC","Greece","2017","2017",5215.7,,
"DEMOMALP","Male population, incl. France Metropolitan + D.O.M. (overseas departments)","EFFPEREF","Thousands of persons","GRC","Greece","2018","2018",5209.2,,
"DEMOMALP","Male population, incl. France Metropolitan + D.O.M. (overseas departments)","EFFPEREF","Thousands of persons","GRC","Greece","2019","2019",5211.9,,
"DEMOMALP","Male population, incl. France Metropolitan + D.O.M. (overseas departments)","EFFPEREF","Thousands of persons","GRC","Greece","2020","2020",5205.8,,
"DEMOMALP","Male population, incl. France Metropolitan + D.O.M. (overseas departments)","EFFPEREF","Thousands of persons","GRC","Greece","2021","2021",5155.4,,
"STRUSFPL","Population: 65 years old and over","EFFPEREF","Thousands of persons","GRC","Greece","2014","2014",2238.5,,
"STRUSFPL","Population: 65 years old and over","EFFPEREF","Thousands of persons","GRC","Greece","2015","2015",2269.1,,
"STRUSFPL","Population: 65 years old and over","EFFPEREF","Thousands of persons","GRC","Greece","2016","2016",2292.9,,
"STRUSFPL","Population: 65 years old and over","EFFPEREF","Thousands of persons","GRC","Greece","2017","2017",2319.7,,
"STRUSFPL","Population: 65 years old and over","EFFPEREF","Thousands of persons","GRC","Greece","2018","2018",2340.2,,
"STRUSFPL","Population: 65 years old and over","EFFPEREF","Thousands of persons","GRC","Greece","2019","2019",2363.3,,
"STRUSFPL","Population: 65 years old and over","EFFPEREF","Thousands of persons","GRC","Greece","2020","2020",2386.2,,
"STRUSFPL","Population: 65 years old and over","EFFPEREF","Thousands of persons","GRC","Greece","2021","2021",2407.9,,
"STRUPP80","Population: 80 years old and over","EFFPEREF","Thousands of persons","GRC","Greece","2014","2014",655.5,,
"STRUPP80","Population: 80 years old and over","EFFPEREF","Thousands of persons","GRC","Greece","2015","2015",681,,
"STRUPP80","Population: 80 years old and over","EFFPEREF","Thousands of persons","GRC","Greece","2016","2016",701,,
"STRUPP80","Population: 80 years old and over","EFFPEREF","Thousands of persons","GRC","Greece","2017","2017",723.5,,
"STRUPP80","Population: 80 years old and over","EFFPEREF","Thousands of persons","GRC","Greece","2018","2018",740.9,,
"STRUPP80","Population: 80 years old and over","EFFPEREF","Thousands of persons","GRC","Greece","2019","2019",760.4,,
"STRUPP80","Population: 80 years old and over","EFFPEREF","Thousands of persons","GRC","Greece","2020","2020",773.2,,
"STRUPP80","Population: 80 years old and over","EFFPEREF","Thousands of persons","GRC","Greece","2021","2021",775.7,,
"JOBSCIVL","Total civilian employment","EFFPEREF","Thousands of persons","GRC","Greece","2014","2014",4453.7,,
"JOBSCIVL","Total civilian employment","EFFPEREF","Thousands of persons","GRC","Greece","2015","2015",4322.6,,
"JOBSCIVL","Total civilian employment","EFFPEREF","Thousands of persons","GRC","Greece","2016","2016",4469.5,,
"JOBSCIVL","Total civilian employment","EFFPEREF","Thousands of persons","GRC","Greece","2017","2017",4446.6,,
"JOBSCIVL","Total civilian employment","EFFPEREF","Thousands of persons","GRC","Greece","2018","2018",4650.3,,
"JOBSCIVL","Total civilian employment","EFFPEREF","Thousands of persons","GRC","Greece","2019","2019",4752,,
"JOBSCIVL","Total civilian employment","EFFPEREF","Thousands of persons","GRC","Greece","2020","2020",4666.7,"P","Provisional value"
"JOBSCIVL","Total civilian employment","EFFPEREF","Thousands of persons","GRC","Greece","2021","2021",4793.1,"P","Provisional value"
"DEMOFEMP","Female population, incl. France Metropolitan + D.O.M. (overseas departments)","EFFPEREF","Thousands of persons","HUN","Hungary","2014","2014",5166.9,,
"DEMOFEMP","Female population, incl. France Metropolitan + D.O.M. (overseas departments)","EFFPEREF","Thousands of persons","HUN","Hungary","2015","2015",5150.9,,
"DEMOFEMP","Female population, incl. France Metropolitan + D.O.M. (overseas departments)","EFFPEREF","Thousands of persons","HUN","Hungary","2016","2016",5132.1,,
"DEMOFEMP","Female population, incl. France Metropolitan + D.O.M. (overseas departments)","EFFPEREF","Thousands of persons","HUN","Hungary","2017","2017",5114.5,,
"DEMOFEMP","Female population, incl. France Metropolitan + D.O.M. (overseas departments)","EFFPEREF","Thousands of persons","HUN","Hungary","2018","2018",5101.9,,
"DEMOFEMP","Female population, incl. France Metropolitan + D.O.M. (overseas departments)","EFFPEREF","Thousands of persons","HUN","Hungary","2019","2019",5092.8,,
"DEMOFEMP","Female population, incl. France Metropolitan + D.O.M. (overseas departments)","EFFPEREF","Thousands of persons","HUN","Hungary","2020","2020",5077.9,,
"DEMOFEMP","Female population, incl. France Metropolitan + D.O.M. (overseas departments)","EFFPEREF","Thousands of persons","HUN","Hungary","2021","2021",5055.6,,
"DEMOMALP","Male population, incl. France Metropolitan + D.O.M. (overseas departments)","EFFPEREF","Thousands of persons","HUN","Hungary","2014","2014",4699.6,,
"DEMOMALP","Male population, incl. France Metropolitan + D.O.M. (overseas departments)","EFFPEREF","Thousands of persons","HUN","Hungary","2015","2015",4692.1,,
"DEMOMALP","Male population, incl. France Metropolitan + D.O.M. (overseas departments)","EFFPEREF","Thousands of persons","HUN","Hungary","2016","2016",4681.9,,
"DEMOMALP","Male population, incl. France Metropolitan + D.O.M. (overseas departments)","EFFPEREF","Thousands of persons","HUN","Hungary","2017","2017",4673.4,,
"DEMOMALP","Male population, incl. France Metropolitan + D.O.M. (overseas departments)","EFFPEREF","Thousands of persons","HUN","Hungary","2018","2018",4673.7,,
"DEMOMALP","Male population, incl. France Metropolitan + D.O.M. (overseas departments)","EFFPEREF","Thousands of persons","HUN","Hungary","2019","2019",4678.3,,
"DEMOMALP","Male population, incl. France Metropolitan + D.O.M. (overseas departments)","EFFPEREF","Thousands of persons","HUN","Hungary","2020","2020",4672.3,,
"DEMOMALP","Male population, incl. France Metropolitan + D.O.M. (overseas departments)","EFFPEREF","Thousands of persons","HUN","Hungary","2021","2021",4654.3,,
"STRUSFPL","Population: 65 years old and over","EFFPEREF","Thousands of persons","HUN","Hungary","2014","2014",1731.8,,
"STRUSFPL","Population: 65 years old and over","EFFPEREF","Thousands of persons","HUN","Hungary","2015","2015",1764.2,,
"STRUSFPL","Population: 65 years old and over","EFFPEREF","Thousands of persons","HUN","Hungary","2016","2016",1796.6,,
"STRUSFPL","Population: 65 years old and over","EFFPEREF","Thousands of persons","HUN","Hungary","2017","2017",1828.2,,
"STRUSFPL","Population: 65 years old and over","EFFPEREF","Thousands of persons","HUN","Hungary","2018","2018",1852,,
"STRUSFPL","Population: 65 years old and over","EFFPEREF","Thousands of persons","HUN","Hungary","2019","2019",1890,,
"STRUSFPL","Population: 65 years old and over","EFFPEREF","Thousands of persons","HUN","Hungary","2020","2020",1942.2,,
"STRUSFPL","Population: 65 years old and over","EFFPEREF","Thousands of persons","HUN","Hungary","2021","2021",1976.7,,
"STRUPP80","Population: 80 years old and over","EFFPEREF","Thousands of persons","HUN","Hungary","2014","2014",412.1,,
"STRUPP80","Population: 80 years old and over","EFFPEREF","Thousands of persons","HUN","Hungary","2015","2015",418.3,,
"STRUPP80","Population: 80 years old and over","EFFPEREF","Thousands of persons","HUN","Hungary","2016","2016",420.9,,
"STRUPP80","Population: 80 years old and over","EFFPEREF","Thousands of persons","HUN","Hungary","2017","2017",425.3,,
"STRUPP80","Population: 80 years old and over","EFFPEREF","Thousands of persons","HUN","Hungary","2018","2018",427.9,,
"STRUPP80","Population: 80 years old and over","EFFPEREF","Thousands of persons","HUN","Hungary","2019","2019",433,,
"STRUPP80","Population: 80 years old and over","EFFPEREF","Thousands of persons","HUN","Hungary","2020","2020",438.8,,
"STRUPP80","Population: 80 years old and over","EFFPEREF","Thousands of persons","HUN","Hungary","2021","2021",444.3,,
"JOBSCIVL","Total civilian employment","EFFPEREF","Thousands of persons","HUN","Hungary","2014","2014",4218.9,,
"JOBSCIVL","Total civilian employment","EFFPEREF","Thousands of persons","HUN","Hungary","2015","2015",4312.8,,
"JOBSCIVL","Total civilian employment","EFFPEREF","Thousands of persons","HUN","Hungary","2016","2016",4473.3,,
"JOBSCIVL","Total civilian employment","EFFPEREF","Thousands of persons","HUN","Hungary","2017","2017",4559.2,,
"JOBSCIVL","Total civilian employment","EFFPEREF","Thousands of persons","HUN","Hungary","2018","2018",4663.3,,
"JOBSCIVL","Total civilian employment","EFFPEREF","Thousands of persons","HUN","Hungary","2019","2019",4715.1,,
"JOBSCIVL","Total civilian employment","EFFPEREF","Thousands of persons","HUN","Hungary","2020","2020",4662.9,,
"JOBSCIVL","Total civilian employment","EFFPEREF","Thousands of persons","HUN","Hungary","2021","2021",4715.6,"P","Provisional value"
"DEMOFEMP","Female population, incl. France Metropolitan + D.O.M. (overseas departments)","EFFPEREF","Thousands of persons","NLD","Netherlands","2014","2014",8511.4,,
"DEMOFEMP","Female population, incl. France Metropolitan + D.O.M. (overseas departments)","EFFPEREF","Thousands of persons","NLD","Netherlands","2015","2015",8544.9,,
"DEMOFEMP","Female population, incl. France Metropolitan + D.O.M. (overseas departments)","EFFPEREF","Thousands of persons","NLD","Netherlands","2016","2016",8584.2,,
"DEMOFEMP","Female population, incl. France Metropolitan + D.O.M. (overseas departments)","EFFPEREF","Thousands of persons","NLD","Netherlands","2017","2017",8630.2,,
"DEMOFEMP","Female population, incl. France Metropolitan + D.O.M. (overseas departments)","EFFPEREF","Thousands of persons","NLD","Netherlands","2018","2018",8677.6,,
"DEMOFEMP","Female population, incl. France Metropolitan + D.O.M. (overseas departments)","EFFPEREF","Thousands of persons","NLD","Netherlands","2019","2019",8730.3,,
"DEMOFEMP","Female population, incl. France Metropolitan + D.O.M. (overseas departments)","EFFPEREF","Thousands of persons","NLD","Netherlands","2020","2020",8774.2,,
"DEMOFEMP","Female population, incl. France Metropolitan + D.O.M. (overseas departments)","EFFPEREF","Thousands of persons","NLD","Netherlands","2021","2021",8817,,
"DEMOMALP","Male population, incl. France Metropolitan + D.O.M. (overseas departments)","EFFPEREF","Thousands of persons","NLD","Netherlands","2014","2014",8353.6,,
"DEMOMALP","Male population, incl. France Metropolitan + D.O.M. (overseas departments)","EFFPEREF","Thousands of persons","NLD","Netherlands","2015","2015",8395,,
"DEMOMALP","Male population, incl. France Metropolitan + D.O.M. (overseas departments)","EFFPEREF","Thousands of persons","NLD","Netherlands","2016","2016",8446.1,,
"DEMOMALP","Male population, incl. France Metropolitan + D.O.M. (overseas departments)","EFFPEREF","Thousands of persons","NLD","Netherlands","2017","2017",8501.1,,
"DEMOMALP","Male population, incl. France Metropolitan + D.O.M. (overseas departments)","EFFPEREF","Thousands of persons","NLD","Netherlands","2018","2018",8554.1,,
"DEMOMALP","Male population, incl. France Metropolitan + D.O.M. (overseas departments)","EFFPEREF","Thousands of persons","NLD","Netherlands","2019","2019",8614.6,,
"DEMOMALP","Male population, incl. France Metropolitan + D.O.M. (overseas departments)","EFFPEREF","Thousands of persons","NLD","Netherlands","2020","2020",8667.3,,
"DEMOMALP","Male population, incl. France Metropolitan + D.O.M. (overseas departments)","EFFPEREF","Thousands of persons","NLD","Netherlands","2021","2021",8716,,
"STRUSFPL","Population: 65 years old and over","EFFPEREF","Thousands of persons","NLD","Netherlands","2014","2014",2919,,
"STRUSFPL","Population: 65 years old and over","EFFPEREF","Thousands of persons","NLD","Netherlands","2015","2015",3007.7,,
"STRUSFPL","Population: 65 years old and over","EFFPEREF","Thousands of persons","NLD","Netherlands","2016","2016",3085.3,,
"STRUSFPL","Population: 65 years old and over","EFFPEREF","Thousands of persons","NLD","Netherlands","2017","2017",3159.7,,
"STRUSFPL","Population: 65 years old and over","EFFPEREF","Thousands of persons","NLD","Netherlands","2018","2018",3239.1,,
"STRUSFPL","Population: 65 years old and over","EFFPEREF","Thousands of persons","NLD","Netherlands","2019","2019",3314,,
"STRUSFPL","Population: 65 years old and over","EFFPEREF","Thousands of persons","NLD","Netherlands","2020","2020",3392.6,,
"STRUSFPL","Population: 65 years old and over","EFFPEREF","Thousands of persons","NLD","Netherlands","2021","2021",3457.5,,
"STRUPP80","Population: 80 years old and over","EFFPEREF","Thousands of persons","NLD","Netherlands","2014","2014",717.1,,
"STRUPP80","Population: 80 years old and over","EFFPEREF","Thousands of persons","NLD","Netherlands","2015","2015",735,,
"STRUPP80","Population: 80 years old and over","EFFPEREF","Thousands of persons","NLD","Netherlands","2016","2016",748.7,,
"STRUPP80","Population: 80 years old and over","EFFPEREF","Thousands of persons","NLD","Netherlands","2017","2017",764.3,,
"STRUPP80","Population: 80 years old and over","EFFPEREF","Thousands of persons","NLD","Netherlands","2018","2018",778.9,,
"STRUPP80","Population: 80 years old and over","EFFPEREF","Thousands of persons","NLD","Netherlands","2019","2019",798.8,,
"STRUPP80","Population: 80 years old and over","EFFPEREF","Thousands of persons","NLD","Netherlands","2020","2020",822.1,,
"STRUPP80","Population: 80 years old and over","EFFPEREF","Thousands of persons","NLD","Netherlands","2021","2021",838.7,,
"JOBSCIVL","Total civilian employment","EFFPEREF","Thousands of persons","NLD","Netherlands","2014","2014",8725,,
"JOBSCIVL","Total civilian employment","EFFPEREF","Thousands of persons","NLD","Netherlands","2015","2015",8808,,
"JOBSCIVL","Total civilian employment","EFFPEREF","Thousands of persons","NLD","Netherlands","2016","2016",8943,,
"JOBSCIVL","Total civilian employment","EFFPEREF","Thousands of persons","NLD","Netherlands","2017","2017",9157,,
"JOBSCIVL","Total civilian employment","EFFPEREF","Thousands of persons","NLD","Netherlands","2018","2018",9408,,
"JOBSCIVL","Total civilian employment","EFFPEREF","Thousands of persons","NLD","Netherlands","2019","2019",9623,,
"JOBSCIVL","Total civilian employment","EFFPEREF","Thousands of persons","NLD","Netherlands","2020","2020",9571,"P","Provisional value"
"JOBSCIVL","Total civilian employment","EFFPEREF","Thousands of persons","NLD","Netherlands","2021","2021",9759,"P","Provisional value"
"DEMOFEMP","Female population, incl. France Metropolitan + D.O.M. (overseas departments)","EFFPEREF","Thousands of persons","NOR","Norway","2014","2014",2554.1,,
"DEMOFEMP","Female population, incl. France Metropolitan + D.O.M. (overseas departments)","EFFPEREF","Thousands of persons","NOR","Norway","2015","2015",2577.2,,
"DEMOFEMP","Female population, incl. France Metropolitan + D.O.M. (overseas departments)","EFFPEREF","Thousands of persons","NOR","Norway","2016","2016",2598.1,,
"DEMOFEMP","Female population, incl. France Metropolitan + D.O.M. (overseas departments)","EFFPEREF","Thousands of persons","NOR","Norway","2017","2017",2618.2,,
"DEMOFEMP","Female population, incl. France Metropolitan + D.O.M. (overseas departments)","EFFPEREF","Thousands of persons","NOR","Norway","2018","2018",2635.2,,
"DEMOFEMP","Female population, incl. France Metropolitan + D.O.M. (overseas departments)","EFFPEREF","Thousands of persons","NOR","Norway","2019","2019",2652.1,,
"DEMOFEMP","Female population, incl. France Metropolitan + D.O.M. (overseas departments)","EFFPEREF","Thousands of persons","NOR","Norway","2020","2020",2666.6,,
"DEMOFEMP","Female population, incl. France Metropolitan + D.O.M. (overseas departments)","EFFPEREF","Thousands of persons","NOR","Norway","2021","2021",2680,,
"DEMOMALP","Male population, incl. France Metropolitan + D.O.M. (overseas departments)","EFFPEREF","Thousands of persons","NOR","Norway","2014","2014",2583.1,,
"DEMOMALP","Male population, incl. France Metropolitan + D.O.M. (overseas departments)","EFFPEREF","Thousands of persons","NOR","Norway","2015","2015",2611.4,,
"DEMOMALP","Male population, incl. France Metropolitan + D.O.M. (overseas departments)","EFFPEREF","Thousands of persons","NOR","Norway","2016","2016",2636.4,,
"DEMOMALP","Male population, incl. France Metropolitan + D.O.M. (overseas departments)","EFFPEREF","Thousands of persons","NOR","Norway","2017","2017",2658.8,,
"DEMOMALP","Male population, incl. France Metropolitan + D.O.M. (overseas departments)","EFFPEREF","Thousands of persons","NOR","Norway","2018","2018",2676.7,,
"DEMOMALP","Male population, incl. France Metropolitan + D.O.M. (overseas departments)","EFFPEREF","Thousands of persons","NOR","Norway","2019","2019",2695.8,,
"DEMOMALP","Male population, incl. France Metropolitan + D.O.M. (overseas departments)","EFFPEREF","Thousands of persons","NOR","Norway","2020","2020",2712.9,,
"DEMOMALP","Male population, incl. France Metropolitan + D.O.M. (overseas departments)","EFFPEREF","Thousands of persons","NOR","Norway","2021","2021",2728.3,,
"STRUSFPL","Population: 65 years old and over","EFFPEREF","Thousands of persons","NOR","Norway","2014","2014",812.8,,
"STRUSFPL","Population: 65 years old and over","EFFPEREF","Thousands of persons","NOR","Norway","2015","2015",834.3,,
"STRUSFPL","Population: 65 years old and over","EFFPEREF","Thousands of persons","NOR","Norway","2016","2016",854.9,,
"STRUSFPL","Population: 65 years old and over","EFFPEREF","Thousands of persons","NOR","Norway","2017","2017",874.8,,
"STRUSFPL","Population: 65 years old and over","EFFPEREF","Thousands of persons","NOR","Norway","2018","2018",896.4,,
"STRUSFPL","Population: 65 years old and over","EFFPEREF","Thousands of persons","NOR","Norway","2019","2019",918.8,,
"STRUSFPL","Population: 65 years old and over","EFFPEREF","Thousands of persons","NOR","Norway","2020","2020",941.8,,
"STRUSFPL","Population: 65 years old and over","EFFPEREF","Thousands of persons","NOR","Norway","2021","2021",965.7,,
"STRUPP80","Population: 80 years old and over","EFFPEREF","Thousands of persons","NOR","Norway","2014","2014",220.9,,
"STRUPP80","Population: 80 years old and over","EFFPEREF","Thousands of persons","NOR","Norway","2015","2015",220.4,,
"STRUPP80","Population: 80 years old and over","EFFPEREF","Thousands of persons","NOR","Norway","2016","2016",220,,
"STRUPP80","Population: 80 years old and over","EFFPEREF","Thousands of persons","NOR","Norway","2017","2017",221,,
"STRUPP80","Population: 80 years old and over","EFFPEREF","Thousands of persons","NOR","Norway","2018","2018",222.8,,
"STRUPP80","Population: 80 years old and over","EFFPEREF","Thousands of persons","NOR","Norway","2019","2019",226,,
"STRUPP80","Population: 80 years old and over","EFFPEREF","Thousands of persons","NOR","Norway","2020","2020",230.7,,
"STRUPP80","Population: 80 years old and over","EFFPEREF","Thousands of persons","NOR","Norway","2021","2021",236.4,,
"JOBSCIVL","Total civilian employment","EFFPEREF","Thousands of persons","NOR","Norway","2014","2014",2700,,
"JOBSCIVL","Total civilian employment","EFFPEREF","Thousands of persons","NOR","Norway","2015","2015",2710,,
"JOBSCIVL","Total civilian employment","EFFPEREF","Thousands of persons","NOR","Norway","2016","2016",2717,,
"JOBSCIVL","Total civilian employment","EFFPEREF","Thousands of persons","NOR","Norway","2017","2017",2748,,
"JOBSCIVL","Total civilian employment","EFFPEREF","Thousands of persons","NOR","Norway","2018","2018",2792,,
"JOBSCIVL","Total civilian employment","EFFPEREF","Thousands of persons","NOR","Norway","2019","2019",2836,,
"JOBSCIVL","Total civilian employment","EFFPEREF","Thousands of persons","NOR","Norway","2020","2020",2792,,
"JOBSCIVL","Total civilian employment","EFFPEREF","Thousands of persons","NOR","Norway","2021","2021",2827,,
"DEMOFEMP","Female population, incl. France Metropolitan + D.O.M. (overseas departments)","EFFPEREF","Thousands of persons","POL","Poland","2014","2014",19611.2,,
"DEMOFEMP","Female population, incl. France Metropolitan + D.O.M. (overseas departments)","EFFPEREF","Thousands of persons","POL","Poland","2015","2015",19599.3,,
"DEMOFEMP","Female population, incl. France Metropolitan + D.O.M. (overseas departments)","EFFPEREF","Thousands of persons","POL","Poland","2016","2016",19592.6,,
"DEMOFEMP","Female population, incl. France Metropolitan + D.O.M. (overseas departments)","EFFPEREF","Thousands of persons","POL","Poland","2017","2017",19595.8,,
"DEMOFEMP","Female population, incl. France Metropolitan + D.O.M. (overseas departments)","EFFPEREF","Thousands of persons","POL","Poland","2018","2018",19594.4,,
"DEMOFEMP","Female population, incl. France Metropolitan + D.O.M. (overseas departments)","EFFPEREF","Thousands of persons","POL","Poland","2019","2019",19588.6,,
"DEMOFEMP","Female population, incl. France Metropolitan + D.O.M. (overseas departments)","EFFPEREF","Thousands of persons","POL","Poland","2020","2020",19558.6,,
"DEMOFEMP","Female population, incl. France Metropolitan + D.O.M. (overseas departments)","EFFPEREF","Thousands of persons","POL","Poland","2021","2021",19488.2,,
"DEMOMALP","Male population, incl. France Metropolitan + D.O.M. (overseas departments)","EFFPEREF","Thousands of persons","POL","Poland","2014","2014",18400.6,,
"DEMOMALP","Male population, incl. France Metropolitan + D.O.M. (overseas departments)","EFFPEREF","Thousands of persons","POL","Poland","2015","2015",18387.1,,
"DEMOMALP","Male population, incl. France Metropolitan + D.O.M. (overseas departments)","EFFPEREF","Thousands of persons","POL","Poland","2016","2016",18377.4,,
"DEMOMALP","Male population, incl. France Metropolitan + D.O.M. (overseas departments)","EFFPEREF","Thousands of persons","POL","Poland","2017","2017",18379.1,,
"DEMOMALP","Male population, incl. France Metropolitan + D.O.M. (overseas departments)","EFFPEREF","Thousands of persons","POL","Poland","2018","2018",18380.3,,
"DEMOMALP","Male population, incl. France Metropolitan + D.O.M. (overseas departments)","EFFPEREF","Thousands of persons","POL","Poland","2019","2019",18376.9,,
"DEMOMALP","Male population, incl. France Metropolitan + D.O.M. (overseas departments)","EFFPEREF","Thousands of persons","POL","Poland","2020","2020",18340.4,,
"DEMOMALP","Male population, incl. France Metropolitan + D.O.M. (overseas departments)","EFFPEREF","Thousands of persons","POL","Poland","2021","2021",18258.9,,
"STRUSFPL","Population: 65 years old and over","EFFPEREF","Thousands of persons","POL","Poland","2014","2014",5660,,
"STRUSFPL","Population: 65 years old and over","EFFPEREF","Thousands of persons","POL","Poland","2015","2015",5859.7,,
"STRUSFPL","Population: 65 years old and over","EFFPEREF","Thousands of persons","POL","Poland","2016","2016",6059.5,,
"STRUSFPL","Population: 65 years old and over","EFFPEREF","Thousands of persons","POL","Poland","2017","2017",6283.7,,
"STRUSFPL","Population: 65 years old and over","EFFPEREF","Thousands of persons","POL","Poland","2018","2018",6497.4,,
"STRUSFPL","Population: 65 years old and over","EFFPEREF","Thousands of persons","POL","Poland","2019","2019",6706,,
"STRUSFPL","Population: 65 years old and over","EFFPEREF","Thousands of persons","POL","Poland","2020","2020",6916.7,,
"STRUSFPL","Population: 65 years old and over","EFFPEREF","Thousands of persons","POL","Poland","2021","2021",7085.1,,
"STRUPP80","Population: 80 years old and over","EFFPEREF","Thousands of persons","POL","Poland","2014","2014",1480.5,,
"STRUPP80","Population: 80 years old and over","EFFPEREF","Thousands of persons","POL","Poland","2015","2015",1525.9,,
"STRUPP80","Population: 80 years old and over","EFFPEREF","Thousands of persons","POL","Poland","2016","2016",1563.5,,
"STRUPP80","Population: 80 years old and over","EFFPEREF","Thousands of persons","POL","Poland","2017","2017",1607.6,,
"STRUPP80","Population: 80 years old and over","EFFPEREF","Thousands of persons","POL","Poland","2018","2018",1637.7,,
"STRUPP80","Population: 80 years old and over","EFFPEREF","Thousands of persons","POL","Poland","2019","2019",1660.4,,
"STRUPP80","Population: 80 years old and over","EFFPEREF","Thousands of persons","POL","Poland","2020","2020",1685.8,,
"STRUPP80","Population: 80 years old and over","EFFPEREF","Thousands of persons","POL","Poland","2021","2021",1677.3,,
"JOBSCIVL","Total civilian employment","EFFPEREF","Thousands of persons","POL","Poland","2014","2014",15731,,
"JOBSCIVL","Total civilian employment","EFFPEREF","Thousands of persons","POL","Poland","2015","2015",15970,,
"JOBSCIVL","Total civilian employment","EFFPEREF","Thousands of persons","POL","Poland","2016","2016",16099.7,,
"JOBSCIVL","Total civilian employment","EFFPEREF","Thousands of persons","POL","Poland","2017","2017",16315,,
"JOBSCIVL","Total civilian employment","EFFPEREF","Thousands of persons","POL","Poland","2018","2018",16403.7,,
"JOBSCIVL","Total civilian employment","EFFPEREF","Thousands of persons","POL","Poland","2019","2019",16397.9,,
"JOBSCIVL","Total civilian employment","EFFPEREF","Thousands of persons","POL","Poland","2020","2020",16397.6,,
"JOBSCIVL","Total civilian employment","EFFPEREF","Thousands of persons","POL","Poland","2021","2021",16815,"P","Provisional value"
"DEMOFEMP","Female population, incl. France Metropolitan + D.O.M. (overseas departments)","EFFPEREF","Thousands of persons","CHE","Switzerland","2014","2014",4140.7,,
"DEMOFEMP","Female population, incl. France Metropolitan + D.O.M. (overseas departments)","EFFPEREF","Thousands of persons","CHE","Switzerland","2015","2015",4184.7,,
"DEMOFEMP","Female population, incl. France Metropolitan + D.O.M. (overseas departments)","EFFPEREF","Thousands of persons","CHE","Switzerland","2016","2016",4225.9,,
"DEMOFEMP","Female population, incl. France Metropolitan + D.O.M. (overseas departments)","EFFPEREF","Thousands of persons","CHE","Switzerland","2017","2017",4261.9,,
"DEMOFEMP","Female population, incl. France Metropolitan + D.O.M. (overseas departments)","EFFPEREF","Thousands of persons","CHE","Switzerland","2018","2018",4292.6,,
"DEMOFEMP","Female population, incl. France Metropolitan + D.O.M. (overseas departments)","EFFPEREF","Thousands of persons","CHE","Switzerland","2019","2019",4322.3,,
"DEMOFEMP","Female population, incl. France Metropolitan + D.O.M. (overseas departments)","EFFPEREF","Thousands of persons","CHE","Switzerland","2020","2020",4352.4,,
"DEMOFEMP","Female population, incl. France Metropolitan + D.O.M. (overseas departments)","EFFPEREF","Thousands of persons","CHE","Switzerland","2021","2021",4384.1,,
"DEMOMALP","Male population, incl. France Metropolitan + D.O.M. (overseas departments)","EFFPEREF","Thousands of persons","CHE","Switzerland","2014","2014",4048,,
"DEMOMALP","Male population, incl. France Metropolitan + D.O.M. (overseas departments)","EFFPEREF","Thousands of persons","CHE","Switzerland","2015","2015",4097.7,,
"DEMOMALP","Male population, incl. France Metropolitan + D.O.M. (overseas departments)","EFFPEREF","Thousands of persons","CHE","Switzerland","2016","2016",4147.5,,
"DEMOMALP","Male population, incl. France Metropolitan + D.O.M. (overseas departments)","EFFPEREF","Thousands of persons","CHE","Switzerland","2017","2017",4189.9,,
"DEMOMALP","Male population, incl. France Metropolitan + D.O.M. (overseas departments)","EFFPEREF","Thousands of persons","CHE","Switzerland","2018","2018",4221.8,,
"DEMOMALP","Male population, incl. France Metropolitan + D.O.M. (overseas departments)","EFFPEREF","Thousands of persons","CHE","Switzerland","2019","2019",4253,,
"DEMOMALP","Male population, incl. France Metropolitan + D.O.M. (overseas departments)","EFFPEREF","Thousands of persons","CHE","Switzerland","2020","2020",4285.7,,
"DEMOMALP","Male population, incl. France Metropolitan + D.O.M. (overseas departments)","EFFPEREF","Thousands of persons","CHE","Switzerland","2021","2021",4320.4,,
"STRUSFPL","Population: 65 years old and over","EFFPEREF","Thousands of persons","CHE","Switzerland","2014","2014",1432.7,,
"STRUSFPL","Population: 65 years old and over","EFFPEREF","Thousands of persons","CHE","Switzerland","2015","2015",1465.6,,
"STRUSFPL","Population: 65 years old and over","EFFPEREF","Thousands of persons","CHE","Switzerland","2016","2016",1495.1,,
"STRUSFPL","Population: 65 years old and over","EFFPEREF","Thousands of persons","CHE","Switzerland","2017","2017",1523.1,,
"STRUSFPL","Population: 65 years old and over","EFFPEREF","Thousands of persons","CHE","Switzerland","2018","2018",1550.4,,
"STRUSFPL","Population: 65 years old and over","EFFPEREF","Thousands of persons","CHE","Switzerland","2019","2019",1577.3,,
"STRUSFPL","Population: 65 years old and over","EFFPEREF","Thousands of persons","CHE","Switzerland","2020","2020",1605.8,,
"STRUSFPL","Population: 65 years old and over","EFFPEREF","Thousands of persons","CHE","Switzerland","2021","2021",1629.7,,
"STRUPP80","Population: 80 years old and over","EFFPEREF","Thousands of persons","CHE","Switzerland","2014","2014",398.7,,
"STRUPP80","Population: 80 years old and over","EFFPEREF","Thousands of persons","CHE","Switzerland","2015","2015",408.7,,
"STRUPP80","Population: 80 years old and over","EFFPEREF","Thousands of persons","CHE","Switzerland","2016","2016",416.9,,
"STRUPP80","Population: 80 years old and over","EFFPEREF","Thousands of persons","CHE","Switzerland","2017","2017",426.6,,
"STRUPP80","Population: 80 years old and over","EFFPEREF","Thousands of persons","CHE","Switzerland","2018","2018",434.3,,
"STRUPP80","Population: 80 years old and over","EFFPEREF","Thousands of persons","CHE","Switzerland","2019","2019",443.7,,
"STRUPP80","Population: 80 years old and over","EFFPEREF","Thousands of persons","CHE","Switzerland","2020","2020",453.7,,
"STRUPP80","Population: 80 years old and over","EFFPEREF","Thousands of persons","CHE","Switzerland","2021","2021",458.3,,
"JOBSCIVL","Total civilian employment","EFFPEREF","Thousands of persons","CHE","Switzerland","2014","2014",4825.2,,
"JOBSCIVL","Total civilian employment","EFFPEREF","Thousands of persons","CHE","Switzerland","2015","2015",4899.2,,
"JOBSCIVL","Total civilian employment","EFFPEREF","Thousands of persons","CHE","Switzerland","2016","2016",4967.3,,
"JOBSCIVL","Total civilian employment","EFFPEREF","Thousands of persons","CHE","Switzerland","2017","2017",5012.6,,
"JOBSCIVL","Total civilian employment","EFFPEREF","Thousands of persons","CHE","Switzerland","2018","2018",5064.5,,
"JOBSCIVL","Total civilian employment","EFFPEREF","Thousands of persons","CHE","Switzerland","2019","2019",5101.7,,
"JOBSCIVL","Total civilian employment","EFFPEREF","Thousands of persons","CHE","Switzerland","2020","2020",5077.2,,
"JOBSCIVL","Total civilian employment","EFFPEREF","Thousands of persons","CHE","Switzerland","2021","2021",5086.1,,
"DEMOFEMP","Female population, incl. France Metropolitan + D.O.M. (overseas departments)","EFFPEREF","Thousands of persons","GBR","United Kingdom","2014","2014",32803,,
"DEMOFEMP","Female population, incl. France Metropolitan + D.O.M. (overseas departments)","EFFPEREF","Thousands of persons","GBR","United Kingdom","2015","2015",33035.6,,
"DEMOFEMP","Female population, incl. France Metropolitan + D.O.M. (overseas departments)","EFFPEREF","Thousands of persons","GBR","United Kingdom","2016","2016",33270.4,,
"DEMOFEMP","Female population, incl. France Metropolitan + D.O.M. (overseas departments)","EFFPEREF","Thousands of persons","GBR","United Kingdom","2017","2017",33458.4,,
"DEMOFEMP","Female population, incl. France Metropolitan + D.O.M. (overseas departments)","EFFPEREF","Thousands of persons","GBR","United Kingdom","2018","2018",33645.3,,
"DEMOFEMP","Female population, incl. France Metropolitan + D.O.M. (overseas departments)","EFFPEREF","Thousands of persons","GBR","United Kingdom","2019","2019",33818.6,,
"DEMOFEMP","Female population, incl. France Metropolitan + D.O.M. (overseas departments)","EFFPEREF","Thousands of persons","GBR","United Kingdom","2020","2020",33935.5,,
"DEMOFEMP","Female population, incl. France Metropolitan + D.O.M. (overseas departments)","EFFPEREF","Thousands of persons","GBR","United Kingdom","2021","2021",34063,,
"DEMOMALP","Male population, incl. France Metropolitan + D.O.M. (overseas departments)","EFFPEREF","Thousands of persons","GBR","United Kingdom","2014","2014",31793.8,,
"DEMOMALP","Male population, incl. France Metropolitan + D.O.M. (overseas departments)","EFFPEREF","Thousands of persons","GBR","United Kingdom","2015","2015",32074.4,,
"DEMOMALP","Male population, incl. France Metropolitan + D.O.M. (overseas departments)","EFFPEREF","Thousands of persons","GBR","United Kingdom","2016","2016",32377.7,,
"DEMOMALP","Male population, incl. France Metropolitan + D.O.M. (overseas departments)","EFFPEREF","Thousands of persons","GBR","United Kingdom","2017","2017",32581.8,,
"DEMOMALP","Male population, incl. France Metropolitan + D.O.M. (overseas departments)","EFFPEREF","Thousands of persons","GBR","United Kingdom","2018","2018",32790.2,,
"DEMOMALP","Male population, incl. France Metropolitan + D.O.M. (overseas departments)","EFFPEREF","Thousands of persons","GBR","United Kingdom","2019","2019",32978.2,,
"DEMOMALP","Male population, incl. France Metropolitan + D.O.M. (overseas departments)","EFFPEREF","Thousands of persons","GBR","United Kingdom","2020","2020",33145.7,,
"DEMOMALP","Male population, incl. France Metropolitan + D.O.M. (overseas departments)","EFFPEREF","Thousands of persons","GBR","United Kingdom","2021","2021",33287.7,,
"STRUSFPL","Population: 65 years old and over","EFFPEREF","Thousands of persons","GBR","United Kingdom","2014","2014",11406.8,,
"STRUSFPL","Population: 65 years old and over","EFFPEREF","Thousands of persons","GBR","United Kingdom","2015","2015",11611.2,,
"STRUSFPL","Population: 65 years old and over","EFFPEREF","Thousands of persons","GBR","United Kingdom","2016","2016",11814.1,,
"STRUSFPL","Population: 65 years old and over","EFFPEREF","Thousands of persons","GBR","United Kingdom","2017","2017",11989.3,,
"STRUSFPL","Population: 65 years old and over","EFFPEREF","Thousands of persons","GBR","United Kingdom","2018","2018",12165.6,,
"STRUSFPL","Population: 65 years old and over","EFFPEREF","Thousands of persons","GBR","United Kingdom","2019","2019",12375,,
"STRUSFPL","Population: 65 years old and over","EFFPEREF","Thousands of persons","GBR","United Kingdom","2020","2020",12508.6,,
"STRUSFPL","Population: 65 years old and over","EFFPEREF","Thousands of persons","GBR","United Kingdom","2021","2021",12685.3,"P","Provisional value"
"STRUPP80","Population: 80 years old and over","EFFPEREF","Thousands of persons","GBR","United Kingdom","2014","2014",3071.2,,
"STRUPP80","Population: 80 years old and over","EFFPEREF","Thousands of persons","GBR","United Kingdom","2015","2015",3109.4,,
"STRUPP80","Population: 80 years old and over","EFFPEREF","Thousands of persons","GBR","United Kingdom","2016","2016",3171,,
"STRUPP80","Population: 80 years old and over","EFFPEREF","Thousands of persons","GBR","United Kingdom","2017","2017",3227.7,,
"STRUPP80","Population: 80 years old and over","EFFPEREF","Thousands of persons","GBR","United Kingdom","2018","2018",3282,,
"STRUPP80","Population: 80 years old and over","EFFPEREF","Thousands of persons","GBR","United Kingdom","2019","2019",3362.6,,
"STRUPP80","Population: 80 years old and over","EFFPEREF","Thousands of persons","GBR","United Kingdom","2020","2020",3385.6,,
"STRUPP80","Population: 80 years old and over","EFFPEREF","Thousands of persons","GBR","United Kingdom","2021","2021",3404.5,,
"JOBSCIVL","Total civilian employment","EFFPEREF","Thousands of persons","GBR","United Kingdom","2014","2014",30752.5,,
"JOBSCIVL","Total civilian employment","EFFPEREF","Thousands of persons","GBR","United Kingdom","2015","2015",31285,,
"JOBSCIVL","Total civilian employment","EFFPEREF","Thousands of persons","GBR","United Kingdom","2016","2016",31745.3,,
"JOBSCIVL","Total civilian employment","EFFPEREF","Thousands of persons","GBR","United Kingdom","2017","2017",32060.2,,
"JOBSCIVL","Total civilian employment","EFFPEREF","Thousands of persons","GBR","United Kingdom","2018","2018",32443,,
"JOBSCIVL","Total civilian employment","EFFPEREF","Thousands of persons","GBR","United Kingdom","2019","2019",32794.6,,
"JOBSCIVL","Total civilian employment","EFFPEREF","Thousands of persons","GBR","United Kingdom","2020","2020",32508.7,,
"JOBSCIVL","Total civilian employment","EFFPEREF","Thousands of persons","GBR","United Kingdom","2021","2021",32407.2,,
"DEMODOMP","Total population, incl. France Metropolitan + D.O.M. (overseas departments)","EFFPEREF","Thousands of persons","AUT","Austria","2014","2014",8546.4,,
"DEMODOMP","Total population, incl. France Metropolitan + D.O.M. (overseas departments)","EFFPEREF","Thousands of persons","AUT","Austria","2015","2015",8642.7,,
"DEMODOMP","Total population, incl. France Metropolitan + D.O.M. (overseas departments)","EFFPEREF","Thousands of persons","AUT","Austria","2016","2016",8736.7,,
"DEMODOMP","Total population, incl. France Metropolitan + D.O.M. (overseas departments)","EFFPEREF","Thousands of persons","AUT","Austria","2017","2017",8797.6,,
"DEMODOMP","Total population, incl. France Metropolitan + D.O.M. (overseas departments)","EFFPEREF","Thousands of persons","AUT","Austria","2018","2018",8840.5,,
"DEMODOMP","Total population, incl. France Metropolitan + D.O.M. (overseas departments)","EFFPEREF","Thousands of persons","AUT","Austria","2019","2019",8879.9,,
"DEMODOMP","Total population, incl. France Metropolitan + D.O.M. (overseas departments)","EFFPEREF","Thousands of persons","AUT","Austria","2020","2020",8916.9,,
"DEMODOMP","Total population, incl. France Metropolitan + D.O.M. (overseas departments)","EFFPEREF","Thousands of persons","AUT","Austria","2021","2021",8955.8,,
"DEMODOMP","Total population, incl. France Metropolitan + D.O.M. (overseas departments)","EFFPEREF","Thousands of persons","FIN","Finland","2014","2014",5461.5,,
"DEMODOMP","Total population, incl. France Metropolitan + D.O.M. (overseas departments)","EFFPEREF","Thousands of persons","FIN","Finland","2015","2015",5479.5,,
"DEMODOMP","Total population, incl. France Metropolitan + D.O.M. (overseas departments)","EFFPEREF","Thousands of persons","FIN","Finland","2016","2016",5495.3,,
"DEMODOMP","Total population, incl. France Metropolitan + D.O.M. (overseas departments)","EFFPEREF","Thousands of persons","FIN","Finland","2017","2017",5508.2,,
"DEMODOMP","Total population, incl. France Metropolitan + D.O.M. (overseas departments)","EFFPEREF","Thousands of persons","FIN","Finland","2018","2018",5515.5,,
"DEMODOMP","Total population, incl. France Metropolitan + D.O.M. (overseas departments)","EFFPEREF","Thousands of persons","FIN","Finland","2019","2019",5521.6,,
"DEMODOMP","Total population, incl. France Metropolitan + D.O.M. (overseas departments)","EFFPEREF","Thousands of persons","FIN","Finland","2020","2020",5529.5,,
"DEMODOMP","Total population, incl. France Metropolitan + D.O.M. (overseas departments)","EFFPEREF","Thousands of persons","FIN","Finland","2021","2021",5541,,
"DEMODOMP","Total population, incl. France Metropolitan + D.O.M. (overseas departments)","EFFPEREF","Thousands of persons","FRA","France","2014","2014",66312.1,,
"DEMODOMP","Total population, incl. France Metropolitan + D.O.M. (overseas departments)","EFFPEREF","Thousands of persons","FRA","France","2015","2015",66548.3,,
"DEMODOMP","Total population, incl. France Metropolitan + D.O.M. (overseas departments)","EFFPEREF","Thousands of persons","FRA","France","2016","2016",66724.1,,
"DEMODOMP","Total population, incl. France Metropolitan + D.O.M. (overseas departments)","EFFPEREF","Thousands of persons","FRA","France","2017","2017",66918,,
"DEMODOMP","Total population, incl. France Metropolitan + D.O.M. (overseas departments)","EFFPEREF","Thousands of persons","FRA","France","2018","2018",67158.3,,
"DEMODOMP","Total population, incl. France Metropolitan + D.O.M. (overseas departments)","EFFPEREF","Thousands of persons","FRA","France","2019","2019",67388,,
"DEMODOMP","Total population, incl. France Metropolitan + D.O.M. (overseas departments)","EFFPEREF","Thousands of persons","FRA","France","2020","2020",67571.1,,
"DEMODOMP","Total population, incl. France Metropolitan + D.O.M. (overseas departments)","EFFPEREF","Thousands of persons","FRA","France","2021","2021",67764.3,,
"DEMODOMP","Total population, incl. France Metropolitan + D.O.M. (overseas departments)","EFFPEREF","Thousands of persons","GRC","Greece","2014","2014",10892.4,,
"DEMODOMP","Total population, incl. France Metropolitan + D.O.M. (overseas departments)","EFFPEREF","Thousands of persons","GRC","Greece","2015","2015",10820.9,,
"DEMODOMP","Total population, incl. France Metropolitan + D.O.M. (overseas departments)","EFFPEREF","Thousands of persons","GRC","Greece","2016","2016",10776,,
"DEMODOMP","Total population, incl. France Metropolitan + D.O.M. (overseas departments)","EFFPEREF","Thousands of persons","GRC","Greece","2017","2017",10754.7,,
"DEMODOMP","Total population, incl. France Metropolitan + D.O.M. (overseas departments)","EFFPEREF","Thousands of persons","GRC","Greece","2018","2018",10732.9,,
"DEMODOMP","Total population, incl. France Metropolitan + D.O.M. (overseas departments)","EFFPEREF","Thousands of persons","GRC","Greece","2019","2019",10721.6,,
"DEMODOMP","Total population, incl. France Metropolitan + D.O.M. (overseas departments)","EFFPEREF","Thousands of persons","GRC","Greece","2020","2020",10698.6,,
"DEMODOMP","Total population, incl. France Metropolitan + D.O.M. (overseas departments)","EFFPEREF","Thousands of persons","GRC","Greece","2021","2021",10569.2,,
"DEMODOMP","Total population, incl. France Metropolitan + D.O.M. (overseas departments)","EFFPEREF","Thousands of persons","HUN","Hungary","2014","2014",9866.5,,
"DEMODOMP","Total population, incl. France Metropolitan + D.O.M. (overseas departments)","EFFPEREF","Thousands of persons","HUN","Hungary","2015","2015",9843,,
"DEMODOMP","Total population, incl. France Metropolitan + D.O.M. (overseas departments)","EFFPEREF","Thousands of persons","HUN","Hungary","2016","2016",9814,,
"DEMODOMP","Total population, incl. France Metropolitan + D.O.M. (overseas departments)","EFFPEREF","Thousands of persons","HUN","Hungary","2017","2017",9788,,
"DEMODOMP","Total population, incl. France Metropolitan + D.O.M. (overseas departments)","EFFPEREF","Thousands of persons","HUN","Hungary","2018","2018",9775.6,,
"DEMODOMP","Total population, incl. France Metropolitan + D.O.M. (overseas departments)","EFFPEREF","Thousands of persons","HUN","Hungary","2019","2019",9771.1,,
"DEMODOMP","Total population, incl. France Metropolitan + D.O.M. (overseas departments)","EFFPEREF","Thousands of persons","HUN","Hungary","2020","2020",9750.1,,
"DEMODOMP","Total population, incl. France Metropolitan + D.O.M. (overseas departments)","EFFPEREF","Thousands of persons","HUN","Hungary","2021","2021",9709.9,,
"DEMODOMP","Total population, incl. France Metropolitan + D.O.M. (overseas departments)","EFFPEREF","Thousands of persons","NLD","Netherlands","2014","2014",16865,,
"DEMODOMP","Total population, incl. France Metropolitan + D.O.M. (overseas departments)","EFFPEREF","Thousands of persons","NLD","Netherlands","2015","2015",16939.9,,
"DEMODOMP","Total population, incl. France Metropolitan + D.O.M. (overseas departments)","EFFPEREF","Thousands of persons","NLD","Netherlands","2016","2016",17030.3,,
"DEMODOMP","Total population, incl. France Metropolitan + D.O.M. (overseas departments)","EFFPEREF","Thousands of persons","NLD","Netherlands","2017","2017",17131.3,,
"DEMODOMP","Total population, incl. France Metropolitan + D.O.M. (overseas departments)","EFFPEREF","Thousands of persons","NLD","Netherlands","2018","2018",17231.6,,
"DEMODOMP","Total population, incl. France Metropolitan + D.O.M. (overseas departments)","EFFPEREF","Thousands of persons","NLD","Netherlands","2019","2019",17344.9,,
"DEMODOMP","Total population, incl. France Metropolitan + D.O.M. (overseas departments)","EFFPEREF","Thousands of persons","NLD","Netherlands","2020","2020",17441.5,,
"DEMODOMP","Total population, incl. France Metropolitan + D.O.M. (overseas departments)","EFFPEREF","Thousands of persons","NLD","Netherlands","2021","2021",17533,,
"DEMODOMP","Total population, incl. France Metropolitan + D.O.M. (overseas departments)","EFFPEREF","Thousands of persons","NOR","Norway","2014","2014",5137.2,,
"DEMODOMP","Total population, incl. France Metropolitan + D.O.M. (overseas departments)","EFFPEREF","Thousands of persons","NOR","Norway","2015","2015",5188.6,,
"DEMODOMP","Total population, incl. France Metropolitan + D.O.M. (overseas departments)","EFFPEREF","Thousands of persons","NOR","Norway","2016","2016",5234.5,,
"DEMODOMP","Total population, incl. France Metropolitan + D.O.M. (overseas departments)","EFFPEREF","Thousands of persons","NOR","Norway","2017","2017",5277,,
"DEMODOMP","Total population, incl. France Metropolitan + D.O.M. (overseas departments)","EFFPEREF","Thousands of persons","NOR","Norway","2018","2018",5311.9,,
"DEMODOMP","Total population, incl. France Metropolitan + D.O.M. (overseas departments)","EFFPEREF","Thousands of persons","NOR","Norway","2019","2019",5347.9,,
"DEMODOMP","Total population, incl. France Metropolitan + D.O.M. (overseas departments)","EFFPEREF","Thousands of persons","NOR","Norway","2020","2020",5379.5,,
"DEMODOMP","Total population, incl. France Metropolitan + D.O.M. (overseas departments)","EFFPEREF","Thousands of persons","NOR","Norway","2021","2021",5408.3,,
"DEMODOMP","Total population, incl. France Metropolitan + D.O.M. (overseas departments)","EFFPEREF","Thousands of persons","POL","Poland","2014","2014",38011.7,,
"DEMODOMP","Total population, incl. France Metropolitan + D.O.M. (overseas departments)","EFFPEREF","Thousands of persons","POL","Poland","2015","2015",37986.4,,
"DEMODOMP","Total population, incl. France Metropolitan + D.O.M. (overseas departments)","EFFPEREF","Thousands of persons","POL","Poland","2016","2016",37970.1,,
"DEMODOMP","Total population, incl. France Metropolitan + D.O.M. (overseas departments)","EFFPEREF","Thousands of persons","POL","Poland","2017","2017",37974.8,,
"DEMODOMP","Total population, incl. France Metropolitan + D.O.M. (overseas departments)","EFFPEREF","Thousands of persons","POL","Poland","2018","2018",37974.8,,
"DEMODOMP","Total population, incl. France Metropolitan + D.O.M. (overseas departments)","EFFPEREF","Thousands of persons","POL","Poland","2019","2019",37965.5,,
"DEMODOMP","Total population, incl. France Metropolitan + D.O.M. (overseas departments)","EFFPEREF","Thousands of persons","POL","Poland","2020","2020",37899.1,,
"DEMODOMP","Total population, incl. France Metropolitan + D.O.M. (overseas departments)","EFFPEREF","Thousands of persons","POL","Poland","2021","2021",37747.1,,
"DEMODOMP","Total population, incl. France Metropolitan + D.O.M. (overseas departments)","EFFPEREF","Thousands of persons","CHE","Switzerland","2014","2014",8188.6,,
"DEMODOMP","Total population, incl. France Metropolitan + D.O.M. (overseas departments)","EFFPEREF","Thousands of persons","CHE","Switzerland","2015","2015",8282.4,,
"DEMODOMP","Total population, incl. France Metropolitan + D.O.M. (overseas departments)","EFFPEREF","Thousands of persons","CHE","Switzerland","2016","2016",8373.3,,
"DEMODOMP","Total population, incl. France Metropolitan + D.O.M. (overseas departments)","EFFPEREF","Thousands of persons","CHE","Switzerland","2017","2017",8451.8,,
"DEMODOMP","Total population, incl. France Metropolitan + D.O.M. (overseas departments)","EFFPEREF","Thousands of persons","CHE","Switzerland","2018","2018",8514.3,,
"DEMODOMP","Total population, incl. France Metropolitan + D.O.M. (overseas departments)","EFFPEREF","Thousands of persons","CHE","Switzerland","2019","2019",8575.3,,
"DEMODOMP","Total population, incl. France Metropolitan + D.O.M. (overseas departments)","EFFPEREF","Thousands of persons","CHE","Switzerland","2020","2020",8638.2,,
"DEMODOMP","Total population, incl. France Metropolitan + D.O.M. (overseas departments)","EFFPEREF","Thousands of persons","CHE","Switzerland","2021","2021",8704.5,,
"DEMODOMP","Total population, incl. France Metropolitan + D.O.M. (overseas departments)","EFFPEREF","Thousands of persons","GBR","United Kingdom","2014","2014",64596.8,,
"DEMODOMP","Total population, incl. France Metropolitan + D.O.M. (overseas departments)","EFFPEREF","Thousands of persons","GBR","United Kingdom","2015","2015",65110,,
"DEMODOMP","Total population, incl. France Metropolitan + D.O.M. (overseas departments)","EFFPEREF","Thousands of persons","GBR","United Kingdom","2016","2016",65648.1,,
"DEMODOMP","Total population, incl. France Metropolitan + D.O.M. (overseas departments)","EFFPEREF","Thousands of persons","GBR","United Kingdom","2017","2017",66040.2,,
"DEMODOMP","Total population, incl. France Metropolitan + D.O.M. (overseas departments)","EFFPEREF","Thousands of persons","GBR","United Kingdom","2018","2018",66435.6,,
"DEMODOMP","Total population, incl. France Metropolitan + D.O.M. (overseas departments)","EFFPEREF","Thousands of persons","GBR","United Kingdom","2019","2019",66796.8,,
"DEMODOMP","Total population, incl. France Metropolitan + D.O.M. (overseas departments)","EFFPEREF","Thousands of persons","GBR","United Kingdom","2020","2020",67081.2,,
"DEMODOMP","Total population, incl. France Metropolitan + D.O.M. (overseas departments)","EFFPEREF","Thousands of persons","GBR","United Kingdom","2021","2021",67350.7,,
